p_day,p_month,p_year,a_day,a_month,a_year,type,item,form,duration,state
28,9,2019,17,10,2019,0,5,1,19,34
9,6,2020,1,7,2020,0,5,1,22,34
30,10,2020,1,12,2020,0,5,1,32,34
28,2,2021,1,4,2021,0,5,1,32,34
27,4,2021,9,6,2021,0,5,1,43,53
27,10,2020,16,3,2021,1,5,2,140,53
8,6,2020,29,10,2020,0,5,1,143,32
23,7,2018,31,5,2019,0,5,2,312,16
27,3,2019,5,4,2019,1,4,1,9,35
17,7,2020,2,8,2020,0,4,1,16,5
4,3,2019,21,3,2019,0,4,1,17,48
11,7,2020,30,7,2020,0,4,1,19,8
17,5,2020,11,6,2020,1,4,1,25,8
21,9,2019,17,10,2019,1,4,1,26,48
9,5,2020,5,6,2020,1,4,1,27,51
1,9,2020,30,9,2020,0,4,1,29,8
27,4,2019,3,2,2020,0,4,2,282,42
12,10,2019,24,10,2019,1,3,2,12,37
10,10,2019,1,11,2019,0,3,1,22,51
23,9,2021,27,12,2021,0,3,2,95,2
31,8,2020,2,1,2021,0,3,2,124,29
24,4,2020,17,9,2020,0,3,2,146,9
9,1,2020,5,6,2020,0,3,2,148,51
8,11,2019,24,4,2020,0,3,2,168,26
21,10,2018,21,4,2019,0,3,2,182,17
23,3,2020,2,10,2020,0,3,2,193,26
6,2,2019,28,9,2019,0,3,2,234,4
1,2,2021,6,10,2021,1,3,2,247,41
10,4,2019,16,12,2019,0,3,2,250,8
16,1,2019,26,9,2019,0,3,2,253,8
2,8,2018,21,4,2019,0,3,2,262,13
3,3,2021,29,11,2021,1,3,2,271,13
11,6,2018,19,3,2019,1,3,2,281,51
17,3,2021,27,12,2021,0,3,2,285,2
10,11,2020,27,8,2021,0,3,2,290,12
2,3,2021,27,12,2021,0,3,2,300,2
1,10,2018,30,7,2019,0,3,2,302,42
14,6,2018,15,4,2019,1,3,2,305,44
15,3,2019,15,1,2020,1,3,2,306,44
4,3,2021,2,2,2022,0,3,2,335,2
10,8,2018,20,7,2019,1,3,2,344,39
28,2,2019,14,2,2020,0,3,2,351,24
24,3,2020,27,3,2020,1,0,1,3,48
8,10,2019,15,10,2019,0,0,1,7,29
8,10,2019,15,10,2019,0,0,1,7,29
24,8,2020,1,9,2020,1,0,1,8,20
26,2,2019,8,3,2019,0,0,1,10,48
31,3,2019,10,4,2019,1,0,1,10,1
21,6,2020,1,7,2020,1,0,1,10,51
18,2,2019,2,3,2019,0,0,1,12,48
29,4,2020,11,5,2020,0,0,1,12,36
8,8,2020,20,8,2020,0,0,1,12,18
16,1,2022,28,1,2022,1,0,1,12,24
20,2,2019,5,3,2019,1,0,1,13,22
1,3,2019,14,3,2019,0,0,1,13,8
20,9,2019,3,10,2019,1,0,1,13,29
11,8,2021,24,8,2021,1,0,1,13,39
12,8,2021,25,8,2021,1,0,1,13,39
13,8,2021,26,8,2021,1,0,1,13,39
28,2,2019,14,3,2019,0,0,1,14,37
28,3,2019,11,4,2019,0,0,1,14,32
24,6,2019,8,7,2019,1,0,1,14,21
21,2,2020,6,3,2020,0,0,1,14,40
8,5,2020,22,5,2020,0,0,1,14,37
23,7,2020,6,8,2020,0,0,1,14,27
5,3,2019,20,3,2019,1,0,1,15,51
10,4,2019,25,4,2019,0,0,1,15,21
15,5,2019,30,5,2019,0,0,1,15,29
13,5,2019,28,5,2019,0,0,1,15,4
8,8,2021,23,8,2021,1,0,1,15,48
12,10,2021,27,10,2021,0,0,2,15,12
4,3,2019,20,3,2019,0,0,1,16,48
12,3,2019,28,3,2019,1,0,1,16,22
3,3,2019,19,3,2019,0,0,1,16,39
11,8,2020,27,8,2020,0,0,1,16,8
15,7,2021,31,7,2021,0,0,1,16,5
21,7,2021,6,8,2021,1,0,1,16,51
24,9,2021,10,10,2021,1,0,1,16,51
10,10,2021,26,10,2021,0,0,1,16,42
11,10,2021,27,10,2021,1,0,1,16,12
12,10,2021,28,10,2021,1,0,1,16,51
13,12,2021,29,12,2021,1,0,1,16,48
2,3,2019,19,3,2019,1,0,1,17,48
11,3,2019,28,3,2019,0,0,1,17,16
22,9,2019,9,10,2019,0,0,1,17,4
9,3,2020,26,3,2020,0,0,1,17,12
15,7,2020,1,8,2020,0,0,1,17,53
17,7,2020,3,8,2020,0,0,1,17,39
1,8,2020,18,8,2020,1,0,1,17,12
8,10,2020,25,10,2020,1,0,1,17,55
7,9,2021,24,9,2021,0,0,1,17,37
20,6,2019,8,7,2019,1,0,1,18,20
3,7,2020,21,7,2020,0,0,1,18,13
23,7,2020,10,8,2020,0,0,1,18,45
6,8,2020,24,8,2020,1,0,1,18,20
9,6,2021,27,6,2021,0,0,1,18,53
2,3,2019,21,3,2019,1,0,1,19,45
20,9,2019,9,10,2019,0,0,1,19,55
26,9,2019,15,10,2019,0,0,1,19,24
6,3,2020,25,3,2020,0,0,1,19,26
8,3,2020,27,3,2020,1,0,1,19,40
16,6,2020,5,7,2020,1,0,1,19,51
1,7,2020,20,7,2020,1,0,1,19,5
6,8,2020,25,8,2020,0,0,1,19,39
5,7,2021,24,7,2021,0,0,1,19,42
29,7,2021,17,8,2021,1,0,1,19,51
1,9,2021,20,9,2021,0,0,1,19,12
9,4,2018,29,4,2018,0,0,2,20,53
16,9,2019,6,10,2019,0,0,1,20,5
28,6,2019,18,7,2019,1,0,2,20,48
6,3,2020,26,3,2020,0,0,1,20,53
3,4,2020,23,4,2020,1,0,1,20,47
30,6,2020,20,7,2020,0,0,1,20,20
30,6,2020,20,7,2020,0,0,1,20,8
4,6,2020,24,6,2020,1,0,2,20,53
8,10,2020,28,10,2020,1,0,1,20,55
12,6,2021,2,7,2021,0,0,1,20,12
9,7,2021,29,7,2021,0,0,1,20,48
3,8,2021,23,8,2021,1,0,1,20,48
19,8,2021,8,9,2021,1,0,1,20,4
18,5,2019,8,6,2019,0,0,1,21,48
7,6,2019,28,6,2019,0,0,1,21,12
7,6,2019,28,6,2019,1,0,1,21,53
7,6,2019,28,6,2019,1,0,1,21,53
11,6,2019,2,7,2019,0,0,1,21,37
14,6,2019,5,7,2019,1,0,1,21,20
11,6,2019,2,7,2019,0,0,1,21,37
24,2,2020,16,3,2020,0,0,1,21,13
6,3,2020,27,3,2020,1,0,1,21,39
30,3,2020,20,4,2020,0,0,1,21,18
23,4,2020,14,5,2020,1,0,1,21,39
3,6,2020,24,6,2020,1,0,1,21,51
29,6,2020,20,7,2020,1,0,1,21,35
4,5,2019,26,5,2019,1,0,1,22,12
24,5,2019,15,6,2019,0,0,1,22,42
4,6,2019,26,6,2019,0,0,1,22,41
13,10,2019,4,11,2019,0,0,1,22,29
2,3,2020,24,3,2020,0,0,1,22,49
3,3,2020,25,3,2020,0,0,1,22,21
15,4,2020,7,5,2020,1,0,1,22,31
13,4,2020,5,5,2020,1,0,1,22,4
2,6,2020,24,6,2020,1,0,1,22,47
31,8,2020,22,9,2020,1,0,1,22,28
10,9,2020,2,10,2020,0,0,1,22,39
10,9,2020,2,10,2020,0,0,1,22,2
6,10,2020,28,10,2020,0,0,1,22,41
8,6,2021,30,6,2021,0,0,1,22,55
22,6,2021,14,7,2021,1,0,1,22,48
22,8,2021,13,9,2021,0,0,1,22,4
11,11,2021,3,12,2021,0,0,1,22,4
12,11,2021,4,12,2021,0,0,1,22,18
17,8,2021,8,9,2021,0,0,3,22,32
10,6,2019,3,7,2019,1,0,1,23,27
10,7,2019,2,8,2019,0,0,1,23,22
11,7,2019,3,8,2019,0,0,1,23,26
15,7,2019,7,8,2019,0,0,1,23,37
24,7,2019,16,8,2019,0,0,1,23,9
27,2,2020,21,3,2020,1,0,1,23,48
13,4,2020,6,5,2020,0,0,1,23,24
20,4,2020,13,5,2020,1,0,1,23,40
1,6,2020,24,6,2020,1,0,1,23,47
23,6,2020,16,7,2020,0,0,1,23,53
27,8,2020,19,9,2020,0,0,1,23,48
25,9,2020,18,10,2020,0,0,1,23,20
16,3,2021,8,4,2021,0,0,1,23,8
6,7,2021,29,7,2021,0,0,1,23,32
7,8,2021,30,8,2021,0,0,1,23,4
7,11,2021,30,11,2021,0,0,1,23,37
27,4,2019,21,5,2019,0,0,1,24,21
29,7,2019,22,8,2019,0,0,1,24,29
13,9,2019,7,10,2019,0,0,1,24,48
13,3,2020,6,4,2020,0,0,1,24,51
23,3,2020,16,4,2020,0,0,1,24,13
10,4,2020,4,5,2020,0,0,1,24,12
10,4,2020,4,5,2020,0,0,1,24,23
13,4,2020,7,5,2020,0,0,1,24,23
4,6,2020,28,6,2020,1,0,1,24,4
25,8,2020,18,9,2020,0,0,1,24,45
13,9,2020,7,10,2020,0,0,1,24,51
3,12,2020,27,12,2020,0,0,1,24,8
28,3,2021,21,4,2021,1,0,1,24,4
11,7,2021,4,8,2021,0,0,1,24,4
6,11,2021,30,11,2021,0,0,1,24,47
22,11,2021,16,12,2021,1,0,1,24,4
25,1,2019,19,2,2019,0,0,1,25,32
20,4,2019,15,5,2019,0,0,1,25,51
1,7,2019,26,7,2019,1,0,1,25,55
20,7,2019,14,8,2019,0,0,1,25,40
27,7,2019,21,8,2019,0,0,1,25,45
27,12,2019,21,1,2020,1,0,2,25,47
28,2,2020,24,3,2020,1,0,1,25,55
11,5,2020,5,6,2020,0,0,1,25,48
14,5,2020,8,6,2020,1,0,1,25,20
19,11,2020,14,12,2020,0,0,1,25,41
16,11,2020,11,12,2020,0,0,1,25,19
25,10,2020,19,11,2020,1,0,1,25,47
23,2,2021,20,3,2021,0,0,1,25,42
25,6,2021,20,7,2021,0,0,1,25,29
31,3,2019,26,4,2019,1,0,1,26,21
18,4,2019,14,5,2019,0,0,1,26,12
3,7,2019,29,7,2019,0,0,1,26,22
10,10,2019,5,11,2019,0,0,1,26,51
22,2,2020,19,3,2020,0,0,1,26,16
30,4,2020,26,5,2020,1,0,1,26,48
2,6,2020,28,6,2020,1,0,1,26,42
22,10,2020,17,11,2020,0,0,1,26,39
4,6,2021,30,6,2021,1,0,1,26,39
7,7,2021,2,8,2021,0,0,1,26,21
13,3,2021,8,4,2021,0,0,2,26,42
12,4,2019,9,5,2019,0,0,1,27,39
16,4,2019,13,5,2019,0,0,1,27,13
31,7,2019,27,8,2019,0,0,1,27,32
6,2,2020,4,3,2020,1,0,1,27,23
25,2,2020,23,3,2020,1,0,2,27,45
30,3,2020,26,4,2020,0,0,1,27,12
15,5,2020,11,6,2020,0,0,1,27,48
2,11,2020,29,11,2020,1,0,1,27,45
2,11,2020,29,11,2020,1,0,1,27,45
17,12,2020,13,1,2021,0,0,1,27,24
26,11,2020,23,12,2020,0,0,2,27,26
25,2,2021,24,3,2021,0,0,1,27,4
18,3,2019,15,4,2019,1,0,1,28,48
15,4,2019,13,5,2019,1,0,1,28,29
15,4,2019,13,5,2019,0,0,1,28,12
18,2,2020,17,3,2020,0,0,1,28,24
24,2,2020,23,3,2020,1,0,1,28,18
4,9,2020,2,10,2020,1,0,1,28,19
28,10,2020,25,11,2020,1,0,1,28,53
12,11,2020,10,12,2020,1,0,1,28,29
30,11,2020,28,12,2020,1,0,1,28,39
22,1,2022,19,2,2022,1,0,3,28,8
31,12,2019,29,1,2020,0,0,1,29,53
20,1,2020,18,2,2020,0,0,1,29,35
17,2,2020,17,3,2020,0,0,1,29,47
18,2,2020,18,3,2020,1,0,1,29,21
22,4,2020,21,5,2020,0,0,1,29,19
16,6,2020,15,7,2020,1,0,2,29,37
6,2,2021,7,3,2021,0,0,1,29,12
1,9,2019,1,10,2019,1,0,1,30,48
21,1,2020,20,2,2020,0,0,1,30,45
22,1,2020,21,2,2020,1,0,1,30,4
7,11,2020,7,12,2020,1,0,1,30,39
2,1,2021,1,2,2021,1,0,1,30,5
3,3,2021,2,4,2021,1,0,1,30,40
6,4,2021,6,5,2021,0,0,1,30,51
17,11,2021,17,12,2021,0,0,1,30,37
2,3,2019,2,4,2019,1,0,1,31,18
23,6,2019,24,7,2019,0,0,1,31,49
28,6,2019,29,7,2019,1,0,1,31,35
30,12,2019,30,1,2020,0,0,1,31,24
3,1,2021,3,2,2021,1,0,1,31,2
7,2,2021,10,3,2021,1,0,1,31,40
1,3,2021,1,4,2021,0,0,1,31,40
30,8,2019,1,10,2019,1,0,1,32,47
30,8,2019,1,10,2019,1,0,1,32,47
3,11,2019,5,12,2019,0,0,1,32,21
24,1,2020,25,2,2020,0,0,1,32,26
8,2,2020,11,3,2020,0,0,1,32,45
18,1,2020,19,2,2020,1,0,1,32,12
3,1,2021,4,2,2021,1,0,1,32,2
18,1,2021,19,2,2021,0,0,1,32,55
20,11,2021,22,12,2021,1,0,1,32,47
26,7,2018,28,8,2018,0,0,2,33,47
5,5,2019,7,6,2019,1,0,1,33,49
2,1,2020,4,2,2020,1,0,1,33,28
10,1,2020,12,2,2020,0,0,1,33,24
10,6,2020,13,7,2020,0,0,1,33,20
11,9,2020,14,10,2020,1,0,1,33,51
14,10,2020,16,11,2020,1,0,1,33,39
24,4,2021,27,5,2021,1,0,1,33,55
28,3,2019,1,5,2019,1,0,2,34,48
19,8,2019,22,9,2019,1,0,1,34,55
3,9,2019,7,10,2019,0,0,1,34,39
28,1,2020,2,3,2020,0,0,1,34,40
5,5,2020,8,6,2020,0,0,1,34,51
31,12,2020,3,2,2021,1,0,1,34,39
10,12,2020,13,1,2021,1,0,2,34,24
23,1,2021,26,2,2021,1,0,1,34,51
14,4,2021,18,5,2021,0,0,1,34,8
10,11,2021,14,12,2021,0,0,1,34,26
2,12,2021,5,1,2022,0,0,1,34,12
2,12,2021,5,1,2022,0,0,1,34,12
23,8,2019,27,9,2019,1,0,1,35,16
15,7,2020,19,8,2020,0,0,1,35,20
21,12,2020,25,1,2021,1,0,1,35,20
12,1,2021,16,2,2021,0,0,1,35,41
20,1,2021,24,2,2021,1,0,1,35,51
5,5,2021,9,6,2021,1,0,1,35,29
14,8,2019,19,9,2019,0,0,1,36,39
10,12,2019,15,1,2020,1,0,2,36,48
4,2,2020,11,3,2020,1,0,1,36,45
11,2,2020,18,3,2020,1,0,1,36,13
25,1,2021,2,3,2021,0,0,1,36,39
25,1,2021,2,3,2021,0,0,1,36,39
3,1,2020,9,2,2020,0,0,1,37,9
26,10,2021,2,12,2021,0,0,1,37,37
16,11,2021,23,12,2021,0,0,1,37,48
25,2,2019,4,4,2019,1,0,1,38,39
15,5,2021,22,6,2021,1,0,1,38,48
1,2,2020,11,3,2020,0,0,1,39,24
16,7,2020,24,8,2020,1,0,1,39,39
13,12,2019,23,1,2020,1,0,1,41,27
4,2,2020,17,3,2020,1,0,1,42,12
28,1,2019,12,3,2019,0,0,2,43,26
6,3,2019,18,4,2019,0,0,1,43,37
7,8,2019,19,9,2019,1,0,1,43,53
9,12,2019,21,1,2020,0,0,1,43,26
9,12,2019,21,1,2020,1,0,2,43,51
21,1,2020,4,3,2020,0,0,2,43,37
16,12,2019,28,1,2020,0,0,1,43,27
24,5,2020,6,7,2020,0,0,1,43,29
13,6,2019,27,7,2019,0,0,1,44,12
19,11,2019,2,1,2020,0,0,1,44,26
1,2,2020,16,3,2020,1,0,1,44,12
16,3,2020,29,4,2020,0,0,1,44,35
12,12,2019,26,1,2020,0,0,1,45,32
27,1,2020,12,3,2020,1,0,2,45,21
10,7,2019,24,8,2019,0,0,1,45,56
10,3,2019,25,4,2019,0,0,1,46,22
29,11,2019,14,1,2020,0,0,1,46,30
12,2,2021,30,3,2021,1,0,1,46,12
28,2,2020,15,4,2020,0,0,1,47,48
11,9,2019,29,10,2019,0,0,2,48,26
6,12,2019,23,1,2020,0,0,1,48,42
15,1,2020,3,3,2020,1,0,2,48,48
13,5,2019,2,7,2019,0,0,1,50,53
9,1,2020,1,3,2020,1,0,2,52,22
9,1,2020,1,3,2020,1,0,2,52,37
22,8,2019,15,10,2019,1,0,2,54,42
9,1,2020,5,3,2020,0,0,2,56,13
9,1,2020,5,3,2020,1,0,2,56,12
4,5,2020,29,6,2020,0,0,1,56,26
13,1,2019,11,3,2019,0,0,2,57,48
30,12,2019,25,2,2020,0,0,2,57,53
6,1,2020,3,3,2020,0,0,2,57,1
12,1,2021,10,3,2021,0,0,1,57,21
30,11,2018,29,1,2019,0,0,1,60,49
26,7,2019,24,9,2019,0,0,2,60,12
24,7,2019,22,9,2019,0,0,2,60,49
25,7,2019,23,9,2019,0,0,2,60,5
10,1,2020,10,3,2020,0,0,2,60,37
15,8,2019,15,10,2019,0,0,2,61,12
26,9,2020,26,11,2020,1,0,2,61,53
11,7,2019,11,9,2019,0,0,2,62,9
8,1,2020,10,3,2020,0,0,2,62,8
14,2,2019,18,4,2019,0,0,1,63,18
18,7,2019,20,9,2019,0,0,2,64,37
1,8,2019,4,10,2019,0,0,2,64,13
14,8,2019,17,10,2019,0,0,2,64,55
17,2,2020,21,4,2020,1,0,2,64,5
29,11,2019,3,2,2020,1,0,2,66,4
4,7,2019,9,9,2019,0,0,2,67,12
31,7,2019,6,10,2019,0,0,2,67,5
1,8,2019,8,10,2019,0,0,2,68,21
10,7,2019,17,9,2019,0,0,2,69,4
3,1,2020,12,3,2020,1,0,2,69,21
24,12,2019,3,3,2020,1,0,2,70,48
20,8,2019,30,10,2019,0,0,2,71,48
1,1,2019,14,3,2019,0,0,1,72,32
15,4,2019,26,6,2019,0,0,1,72,25
3,7,2019,13,9,2019,0,0,2,72,21
3,7,2019,13,9,2019,0,0,2,72,33
28,7,2019,8,10,2019,0,0,2,72,33
2,8,2019,13,10,2019,0,0,2,72,37
10,12,2019,20,2,2020,1,0,2,72,48
11,12,2019,21,2,2020,0,0,2,72,26
9,7,2019,20,9,2019,0,0,2,73,33
28,12,2019,10,3,2020,0,0,2,73,37
10,8,2019,23,10,2019,0,0,2,74,31
30,12,2019,13,3,2020,1,0,2,74,48
14,8,2019,28,10,2019,0,0,2,75,40
15,11,2019,29,1,2020,1,0,2,75,48
13,12,2019,26,2,2020,1,0,2,75,9
20,8,2019,4,11,2019,0,0,2,76,48
25,7,2019,10,10,2019,0,0,2,77,53
30,7,2019,16,10,2019,0,0,2,78,48
5,8,2019,22,10,2019,0,0,2,78,16
16,12,2019,3,3,2020,0,0,2,78,1
25,3,2020,11,6,2020,1,0,2,78,51
16,7,2019,3,10,2019,0,0,2,79,12
19,7,2019,6,10,2019,0,0,2,79,48
10,8,2019,28,10,2019,0,0,2,79,37
8,3,2021,27,5,2021,0,0,1,80,48
30,1,2019,21,4,2019,1,0,1,81,35
28,6,2019,17,9,2019,0,0,2,81,21
16,3,2019,6,6,2019,1,0,1,82,18
26,6,2019,17,9,2019,0,0,2,83,32
4,7,2019,25,9,2019,0,0,2,83,30
1,11,2019,23,1,2020,1,0,2,83,20
10,12,2019,2,3,2020,1,0,2,83,31
13,8,2019,5,11,2019,0,0,2,84,30
4,8,2020,27,10,2020,0,0,1,84,27
27,10,2021,19,1,2022,0,0,2,84,48
4,12,2019,27,2,2020,0,0,2,85,1
12,7,2019,9,10,2019,0,0,2,89,4
12,2,2020,12,5,2020,1,0,2,90,27
1,7,2019,30,9,2019,0,0,2,91,48
9,12,2019,9,3,2020,1,0,2,91,8
28,10,2019,27,1,2020,1,0,2,91,42
17,6,2019,17,9,2019,0,0,2,92,21
27,2,2020,29,5,2020,1,0,2,92,1
26,10,2021,26,1,2022,0,0,2,92,53
14,7,2019,15,10,2019,0,0,2,93,47
22,7,2020,23,10,2020,1,0,2,93,13
14,7,2020,15,10,2020,0,0,2,93,5
2,7,2019,5,10,2019,0,0,2,95,12
1,7,2019,4,10,2019,0,0,2,95,42
15,6,2020,18,9,2020,0,0,1,95,48
28,10,2019,2,2,2020,1,0,2,97,51
31,12,2019,7,4,2020,0,0,2,98,26
24,2,2020,2,6,2020,0,0,2,99,53
19,10,2021,26,1,2022,0,0,2,99,53
30,11,2020,10,3,2021,0,0,1,100,21
14,4,2020,24,7,2020,1,0,2,101,8
11,5,2020,20,8,2020,1,0,1,101,38
17,2,2020,29,5,2020,1,0,2,102,1
9,10,2019,21,1,2020,1,0,2,104,51
9,10,2019,21,1,2020,1,0,2,104,51
17,10,2019,29,1,2020,1,0,2,104,48
23,11,2019,6,3,2020,1,0,0,104,47
1,7,2019,14,10,2019,0,0,2,105,4
3,6,2019,17,9,2019,0,0,2,106,21
7,6,2019,21,9,2019,0,0,2,106,48
2,9,2020,17,12,2020,0,0,2,106,42
10,6,2020,25,9,2020,1,0,2,107,51
16,7,2020,31,10,2020,0,0,2,107,51
17,8,2020,2,12,2020,0,0,2,107,48
9,12,2019,26,3,2020,0,0,2,108,27
16,6,2020,2,10,2020,1,0,2,108,24
30,4,2020,16,8,2020,0,0,2,108,42
27,8,2020,13,12,2020,0,0,2,108,39
13,6,2020,30,9,2020,1,0,2,109,51
11,9,2020,29,12,2020,0,0,2,109,4
27,9,2019,15,1,2020,1,0,2,110,48
29,7,2020,16,11,2020,0,0,2,110,12
4,8,2020,22,11,2020,0,0,2,110,51
2,10,2020,20,1,2021,1,0,2,110,48
11,8,2020,29,11,2020,0,0,2,110,55
4,3,2020,23,6,2020,1,0,2,111,45
17,7,2020,5,11,2020,0,0,2,111,48
9,4,2021,29,7,2021,1,0,1,111,48
2,7,2019,22,10,2019,0,0,2,112,22
27,5,2020,17,9,2020,1,0,2,113,12
9,7,2020,30,10,2020,0,0,2,113,48
2,11,2020,23,2,2021,1,0,2,113,48
27,5,2020,18,9,2020,1,0,2,114,48
20,8,2020,12,12,2020,0,0,2,114,8
29,5,2020,21,9,2020,1,0,2,115,45
15,6,2020,8,10,2020,1,0,2,115,29
22,8,2020,15,12,2020,0,0,2,115,40
15,11,2019,10,3,2020,0,0,2,116,37
28,5,2020,21,9,2020,1,0,2,116,45
12,6,2020,6,10,2020,1,0,2,116,20
10,8,2020,4,12,2020,0,0,2,116,37
17,4,2020,13,8,2020,0,0,2,118,12
28,5,2020,23,9,2020,1,0,2,118,40
12,5,2020,8,9,2020,1,0,2,119,37
29,5,2020,25,9,2020,1,0,2,119,51
4,11,2019,3,3,2020,0,0,2,120,1
18,5,2020,15,9,2020,1,0,2,120,48
26,6,2020,24,10,2020,0,0,2,120,40
26,6,2020,24,10,2020,0,0,2,120,47
25,6,2020,23,10,2020,0,0,2,120,9
18,6,2020,16,10,2020,0,0,2,120,53
12,8,2020,10,12,2020,0,0,2,120,22
12,8,2020,10,12,2020,0,0,2,120,22
24,9,2020,22,1,2021,0,0,2,120,29
11,9,2020,9,1,2021,0,0,2,120,41
21,4,2020,20,8,2020,1,0,2,121,53
18,5,2020,16,9,2020,1,0,2,121,51
17,6,2020,16,10,2020,0,0,2,121,28
22,6,2020,21,10,2020,0,0,2,121,47
23,6,2020,22,10,2020,0,0,2,121,48
13,9,2020,12,1,2021,0,0,2,121,22
5,10,2020,3,2,2021,0,0,2,121,5
12,5,2020,11,9,2020,1,0,2,122,8
15,6,2020,15,10,2020,1,0,2,122,29
18,6,2020,18,10,2020,0,0,2,122,51
19,6,2020,19,10,2020,0,0,2,122,48
6,7,2020,5,11,2020,0,0,2,122,20
24,7,2020,23,11,2020,0,0,2,122,49
11,9,2020,11,1,2021,1,0,2,122,12
27,1,2020,29,5,2020,0,0,2,123,1
4,5,2020,4,9,2020,1,0,2,123,24
30,6,2020,31,10,2020,0,0,2,123,21
8,7,2020,8,11,2020,0,0,2,123,48
1,9,2020,2,1,2021,0,0,2,123,5
4,6,2019,5,10,2019,0,0,1,123,45
15,11,2019,18,3,2020,1,0,2,124,48
25,6,2020,27,10,2020,0,0,2,124,16
31,8,2020,2,1,2021,0,0,2,124,29
12,5,2020,14,9,2020,1,0,2,125,8
8,5,2020,10,9,2020,1,0,2,125,45
30,4,2020,2,9,2020,1,0,2,125,12
15,5,2020,17,9,2020,1,0,2,125,12
11,6,2020,14,10,2020,0,0,2,125,48
2,6,2020,5,10,2020,1,0,2,125,48
1,10,2020,3,2,2021,0,0,2,125,51
28,10,2019,2,3,2020,1,0,2,126,19
1,5,2020,4,9,2020,1,0,2,126,48
22,4,2020,26,8,2020,1,0,2,126,48
25,6,2020,29,10,2020,1,0,2,126,29
19,8,2020,23,12,2020,0,0,2,126,37
30,4,2020,4,9,2020,1,0,2,127,24
2,9,2020,7,1,2021,0,0,2,127,37
19,6,2020,25,10,2020,1,0,2,128,26
22,6,2020,28,10,2020,0,0,2,128,26
12,6,2020,18,10,2020,1,0,2,128,55
7,8,2020,13,12,2020,1,0,2,128,48
24,4,2020,31,8,2020,1,0,2,129,12
1,6,2020,8,10,2020,1,0,2,129,2
29,6,2020,5,11,2020,1,0,2,129,24
24,7,2020,30,11,2020,1,0,2,129,5
23,4,2020,31,8,2020,1,0,2,130,48
11,5,2020,18,9,2020,1,0,2,130,42
18,5,2020,25,9,2020,1,0,2,130,29
16,6,2020,24,10,2020,0,0,2,130,55
22,6,2020,30,10,2020,1,0,2,130,22
22,6,2020,30,10,2020,1,0,2,130,40
27,6,2020,4,11,2020,1,0,2,130,51
25,7,2020,2,12,2020,0,0,2,130,12
13,7,2020,20,11,2020,1,0,2,130,22
13,7,2020,20,11,2020,1,0,2,130,22
4,10,2021,11,2,2022,1,0,2,130,33
31,10,2019,10,3,2020,0,0,2,131,4
4,6,2020,13,10,2020,1,0,2,131,37
11,6,2020,20,10,2020,1,0,2,131,48
19,6,2020,28,10,2020,1,0,2,131,29
18,6,2020,27,10,2020,1,0,2,131,12
20,10,2020,28,2,2021,1,0,2,131,4
8,3,2021,17,7,2021,1,0,2,131,12
23,11,2019,3,4,2020,1,0,2,132,22
7,5,2020,16,9,2020,1,0,2,132,24
12,5,2020,21,9,2020,1,0,2,132,39
19,5,2020,28,9,2020,1,0,2,132,26
12,6,2020,22,10,2020,1,0,2,132,20
1,9,2020,11,1,2021,0,0,2,132,41
4,11,2019,16,3,2020,1,0,2,133,47
6,5,2020,16,9,2020,1,0,2,133,1
18,5,2020,28,9,2020,0,0,2,133,48
9,6,2020,20,10,2020,1,0,2,133,55
11,6,2020,22,10,2020,1,0,2,133,12
5,7,2020,15,11,2020,0,0,2,133,42
24,8,2020,4,1,2021,0,0,2,133,37
6,10,2020,16,2,2021,0,0,2,133,53
6,11,2020,19,3,2021,0,0,2,133,29
14,4,2020,26,8,2020,1,0,2,134,40
30,4,2020,11,9,2020,1,0,2,134,45
7,5,2020,18,9,2020,1,0,2,134,19
12,5,2020,23,9,2020,1,0,2,134,8
26,5,2020,7,10,2020,0,0,2,134,53
22,6,2020,3,11,2020,1,0,2,134,1
7,8,2020,19,12,2020,1,0,2,134,37
25,8,2020,6,1,2021,1,0,2,134,29
15,9,2020,27,1,2021,0,0,2,134,29
28,10,2020,11,3,2021,1,0,2,134,22
28,10,2020,11,3,2021,0,0,2,134,24
5,11,2020,19,3,2021,0,0,2,134,53
17,8,2020,29,12,2020,0,0,2,134,48
13,5,2020,25,9,2020,1,0,2,135,47
27,6,2020,9,11,2020,1,0,2,135,37
27,6,2020,9,11,2020,1,0,2,135,48
7,7,2020,19,11,2020,1,0,2,135,49
10,8,2020,23,12,2020,1,0,2,135,12
4,3,2020,18,7,2020,0,0,2,136,40
19,6,2020,2,11,2020,0,0,2,136,26
22,5,2020,5,10,2020,1,0,2,136,13
30,6,2020,13,11,2020,1,0,2,136,41
24,7,2020,7,12,2020,0,0,2,136,53
22,9,2020,5,2,2021,1,0,2,136,37
18,10,2020,3,3,2021,1,0,2,136,37
16,1,2021,1,6,2021,1,0,2,136,48
21,7,2020,5,12,2020,0,0,2,137,42
23,7,2020,7,12,2020,1,0,2,137,12
28,9,2020,12,2,2021,1,0,2,137,48
23,9,2020,7,2,2021,1,0,2,137,8
2,11,2020,19,3,2021,0,0,2,137,47
1,11,2019,18,3,2020,0,0,2,138,42
28,3,2020,13,8,2020,1,0,2,138,48
24,4,2020,9,9,2020,1,0,2,138,55
27,5,2020,12,10,2020,0,0,2,138,48
2,6,2020,18,10,2020,1,0,2,138,37
19,6,2020,4,11,2020,1,0,2,138,29
11,9,2020,27,1,2021,1,0,2,138,48
23,9,2020,8,2,2021,1,0,2,138,51
19,9,2020,4,2,2021,0,0,2,138,53
25,9,2020,10,2,2021,1,0,2,138,45
9,10,2020,24,2,2021,0,0,2,138,13
26,10,2020,13,3,2021,1,0,2,138,49
2,8,2019,19,12,2019,0,0,2,139,48
6,5,2020,22,9,2020,1,0,2,139,21
9,6,2020,26,10,2020,0,0,2,139,42
16,6,2020,2,11,2020,0,0,2,139,26
3,8,2020,20,12,2020,0,0,2,139,42
7,7,2020,23,11,2020,1,0,2,139,47
24,9,2020,10,2,2021,1,0,2,139,53
7,10,2020,23,2,2021,1,0,2,139,13
21,10,2020,9,3,2021,1,0,2,139,55
3,4,2019,21,8,2019,0,0,2,140,4
1,11,2019,20,3,2020,1,0,2,140,4
9,3,2020,27,7,2020,1,0,2,140,8
16,6,2020,3,11,2020,1,0,2,140,31
10,8,2020,28,12,2020,1,0,2,140,48
25,7,2020,12,12,2020,1,0,2,140,42
18,9,2020,5,2,2021,1,0,2,140,41
26,9,2020,13,2,2021,1,0,2,140,12
30,10,2020,19,3,2021,0,0,2,140,16
4,11,2020,24,3,2021,0,0,2,140,29
19,7,2020,7,12,2020,1,0,2,141,20
25,6,2020,13,11,2020,1,0,2,141,26
14,7,2020,2,12,2020,1,0,2,141,51
14,7,2020,2,12,2020,1,0,2,141,51
23,9,2020,11,2,2021,1,0,2,141,28
28,9,2020,16,2,2021,1,0,2,141,21
30,9,2020,18,2,2021,1,0,2,141,12
29,10,2020,19,3,2021,0,0,2,141,42
20,10,2020,10,3,2021,0,0,2,141,16
14,3,2020,3,8,2020,1,0,2,142,47
13,5,2020,2,10,2020,0,0,2,142,18
19,5,2020,8,10,2020,0,0,2,142,8
17,7,2020,6,12,2020,0,0,2,142,29
21,9,2020,10,2,2021,1,0,2,142,13
3,11,2020,25,3,2021,1,0,2,142,9
29,11,2020,20,4,2021,0,0,2,142,47
16,12,2019,7,5,2020,0,0,2,143,32
23,6,2020,13,11,2020,1,0,2,143,53
16,8,2020,6,1,2021,1,0,2,143,51
1,9,2020,22,1,2021,1,0,2,143,42
9,11,2020,1,4,2021,0,0,2,143,29
2,5,2019,23,9,2019,0,0,2,144,51
14,12,2019,6,5,2020,0,0,2,144,39
30,4,2020,21,9,2020,0,0,2,144,37
1,5,2020,22,9,2020,0,0,2,144,51
13,7,2020,4,12,2020,1,0,2,144,51
11,9,2020,2,2,2021,1,0,2,144,12
11,9,2020,2,2,2021,1,0,2,144,48
18,9,2020,9,2,2021,1,0,2,144,42
12,9,2020,3,2,2021,1,0,2,144,48
22,10,2020,15,3,2021,1,0,2,144,48
23,10,2019,16,3,2020,1,0,2,145,39
19,3,2020,11,8,2020,1,0,2,145,1
26,4,2020,18,9,2020,1,0,2,145,45
11,6,2020,3,11,2020,1,0,2,145,28
22,6,2020,14,11,2020,1,0,2,145,51
4,9,2020,27,1,2021,1,0,2,145,48
28,9,2020,20,2,2021,1,0,2,145,29
12,2,2020,7,7,2020,1,0,2,146,41
3,3,2020,27,7,2020,1,0,2,146,39
5,3,2020,29,7,2020,1,0,2,146,12
13,3,2020,6,8,2020,1,0,2,146,48
5,6,2020,29,10,2020,1,0,2,146,41
5,10,2020,28,2,2021,1,0,2,146,40
27,10,2020,22,3,2021,1,0,2,146,48
12,3,2020,6,8,2020,1,0,2,147,39
24,3,2020,18,8,2020,1,0,2,147,48
30,4,2020,24,9,2020,0,0,2,147,20
13,5,2020,7,10,2020,0,0,2,147,48
2,9,2020,27,1,2021,1,0,2,147,49
17,8,2020,11,1,2021,1,0,2,147,53
15,9,2020,9,2,2021,1,0,2,147,53
7,10,2020,3,3,2021,1,0,2,147,12
10,11,2020,6,4,2021,0,0,2,147,29
29,3,2019,24,8,2019,1,0,2,148,21
6,2,2020,3,7,2020,1,0,2,148,12
17,2,2020,14,7,2020,1,0,2,148,12
1,4,2020,27,8,2020,1,0,2,148,30
23,4,2020,18,9,2020,1,0,2,148,4
4,5,2020,29,9,2020,0,0,2,148,41
15,9,2020,10,2,2021,1,0,2,148,27
4,2,2020,2,7,2020,1,0,2,149,49
6,3,2020,2,8,2020,1,0,2,149,4
18,6,2020,14,11,2020,1,0,2,149,48
9,11,2000,7,4,2001,1,0,2,149,45
3,10,2019,1,3,2020,1,0,2,150,37
27,1,2020,25,6,2020,1,0,2,150,21
11,2,2020,10,7,2020,1,0,2,150,48
30,3,2020,27,8,2020,1,0,2,150,19
4,5,2020,1,10,2020,0,0,2,150,48
6,7,2020,3,12,2020,1,0,2,150,53
17,7,2020,14,12,2020,1,0,2,150,37
10,12,2020,9,5,2021,0,0,2,150,39
5,12,2019,4,5,2020,0,0,2,151,53
24,1,2020,23,6,2020,1,0,2,151,8
24,1,2020,23,6,2020,1,0,2,151,8
28,7,2020,26,12,2020,1,0,2,151,51
5,9,2020,3,2,2021,1,0,2,151,30
24,9,2020,22,2,2021,1,0,2,151,48
12,9,2020,10,2,2021,1,0,2,151,13
21,8,2021,19,1,2022,0,0,2,151,48
17,4,2020,16,9,2020,0,0,2,152,48
1,5,2020,30,9,2020,0,0,2,152,51
27,5,2020,26,10,2020,0,0,2,152,2
6,7,2020,5,12,2020,1,0,2,152,22
30,7,2020,29,12,2020,1,0,2,152,51
20,8,2020,19,1,2021,1,0,2,152,45
20,8,2020,19,1,2021,1,0,2,152,45
1,10,2020,2,3,2021,1,0,2,152,48
25,8,2020,24,1,2021,1,0,2,152,22
14,10,2020,15,3,2021,1,0,2,152,29
22,10,2020,23,3,2021,0,0,2,152,33
12,9,2020,11,2,2021,1,0,2,152,48
9,10,2019,10,3,2020,1,0,2,153,40
22,11,2019,23,4,2020,0,0,2,153,16
6,2,2020,8,7,2020,1,0,2,153,20
6,2,2020,8,7,2020,1,0,1,153,39
22,4,2020,22,9,2020,0,0,2,153,48
10,8,2020,10,1,2021,1,0,2,153,12
10,8,2020,10,1,2021,1,0,2,153,27
28,9,2020,28,2,2021,1,0,2,153,24
1,10,2020,3,3,2021,1,0,2,153,41
9,11,2020,11,4,2021,1,0,2,153,55
21,1,2020,23,6,2020,1,0,2,154,12
20,4,2020,21,9,2020,0,0,2,154,29
12,3,2020,13,8,2020,1,0,2,154,35
20,8,2020,21,1,2021,0,0,2,154,26
20,8,2020,21,1,2021,1,0,2,154,27
3,9,2020,4,2,2021,1,0,2,154,24
20,8,2020,21,1,2021,1,0,2,154,24
4,9,2020,5,2,2021,1,0,2,154,20
3,9,2020,4,2,2021,1,0,2,154,24
29,10,2020,1,4,2021,0,0,2,154,39
8,10,2019,11,3,2020,1,0,2,155,55
17,10,2019,20,3,2020,1,0,2,155,48
15,10,2019,18,3,2020,0,0,2,155,30
19,2,2020,23,7,2020,1,0,2,155,22
31,3,2020,2,9,2020,1,0,2,155,30
31,3,2020,2,9,2020,1,0,2,155,28
30,4,2020,2,10,2020,0,0,2,155,48
1,7,2020,3,12,2020,1,0,2,155,51
18,10,2020,22,3,2021,1,0,2,155,41
18,11,2020,22,4,2021,1,0,2,155,48
11,2,2021,16,7,2021,1,0,1,155,4
2,7,2019,5,12,2019,1,0,2,156,13
25,9,2019,28,2,2020,1,0,2,156,5
12,2,2020,17,7,2020,1,0,2,156,40
18,3,2020,21,8,2020,0,0,2,156,49
13,4,2020,16,9,2020,0,0,2,156,37
5,5,2020,8,10,2020,1,0,2,156,12
19,4,2020,22,9,2020,0,0,2,156,26
1,9,2020,4,2,2021,1,0,2,156,12
1,9,2020,4,2,2021,1,0,2,156,53
17,8,2021,20,1,2022,1,0,2,156,42
15,11,2019,20,4,2020,0,0,2,157,8
8,11,2019,13,4,2020,1,0,2,157,48
4,2,2020,10,7,2020,0,0,2,157,49
4,2,2020,10,7,2020,1,0,2,157,48
18,2,2020,24,7,2020,1,0,2,157,13
23,3,2020,27,8,2020,0,0,2,157,9
27,8,2020,31,1,2021,1,0,2,157,48
8,10,2020,14,3,2021,1,0,2,157,26
27,12,2020,2,6,2021,0,0,2,157,13
1,11,2019,7,4,2020,0,0,2,158,9
25,10,2019,31,3,2020,0,0,2,158,27
11,12,2019,17,5,2020,0,0,2,158,48
9,1,2020,15,6,2020,0,0,2,158,37
15,5,2020,20,10,2020,0,0,2,158,51
10,8,2020,15,1,2021,1,0,2,158,12
24,2,2020,1,8,2020,0,0,2,159,39
12,3,2020,18,8,2020,1,0,2,159,41
19,6,2020,25,11,2020,1,0,2,159,55
12,6,2020,18,11,2020,0,0,2,159,32
21,7,2021,27,12,2021,0,0,2,159,2
18,2,2020,27,7,2020,0,0,2,160,48
4,3,2020,11,8,2020,0,0,2,160,40
3,3,2020,10,8,2020,0,0,2,160,54
24,11,2020,3,5,2021,1,0,2,160,8
18,11,2020,27,4,2021,1,0,2,160,8
18,11,2020,27,4,2021,1,0,2,160,26
1,2,2019,12,7,2019,1,0,0,161,12
8,10,2019,17,3,2020,0,0,2,161,12
5,3,2020,13,8,2020,0,0,2,161,12
18,2,2020,28,7,2020,1,0,2,161,39
17,3,2020,25,8,2020,0,0,2,161,18
10,8,2020,18,1,2021,1,0,2,161,12
10,11,2020,20,4,2021,1,0,2,161,35
30,11,2020,10,5,2021,0,0,2,161,20
10,12,2020,20,5,2021,0,0,2,161,42
1,3,2019,10,8,2019,0,0,2,162,39
9,10,2019,19,3,2020,1,0,2,162,39
16,12,2019,26,5,2020,1,0,2,162,53
4,3,2020,13,8,2020,0,0,2,162,51
10,8,2020,19,1,2021,1,0,2,162,51
21,9,2020,2,3,2021,1,0,2,162,27
21,12,2020,1,6,2021,0,0,2,162,8
24,2,2020,5,8,2020,0,0,2,163,8
16,3,2020,26,8,2020,0,0,2,163,22
28,9,2020,10,3,2021,1,0,2,163,18
17,11,2020,29,4,2021,1,0,2,163,48
16,8,2021,26,1,2022,0,0,2,163,53
27,1,2020,9,7,2020,1,0,2,164,8
6,2,2020,19,7,2020,0,0,2,164,48
24,1,2020,6,7,2020,0,0,2,164,40
1,9,2020,12,2,2021,1,0,2,164,27
30,11,2020,13,5,2021,1,0,2,164,48
6,2,2020,20,7,2020,0,0,2,165,39
12,3,2020,24,8,2020,1,0,2,165,12
30,5,2020,11,11,2020,1,0,2,165,4
19,11,2020,3,5,2021,1,0,2,165,12
6,2,2020,21,7,2020,0,0,2,166,31
27,3,2020,9,9,2020,1,0,2,166,21
15,1,2020,29,6,2020,0,0,2,166,53
29,11,2020,14,5,2021,1,0,2,166,42
29,11,2020,14,5,2021,1,0,2,166,45
20,9,2019,5,3,2020,1,0,2,167,33
20,9,2019,5,3,2020,1,0,2,167,33
29,1,2020,14,7,2020,0,0,2,167,12
12,2,2020,28,7,2020,0,0,2,167,26
26,2,2020,11,8,2020,0,0,2,167,4
10,3,2020,24,8,2020,1,0,2,167,48
27,5,2020,10,11,2020,1,0,2,167,13
19,11,2020,5,5,2021,1,0,2,167,8
9,12,2020,25,5,2021,1,0,2,167,12
13,1,2020,29,6,2020,1,0,2,168,19
24,2,2020,10,8,2020,0,0,2,168,8
27,2,2020,13,8,2020,0,0,2,168,13
4,3,2020,19,8,2020,0,0,2,168,22
30,4,2020,15,10,2020,1,0,2,168,8
2,3,2020,17,8,2020,0,0,2,168,55
14,10,2020,31,3,2021,0,0,2,168,48
17,8,2020,1,2,2021,1,0,2,168,48
18,12,2019,4,6,2020,0,0,2,169,12
11,2,2020,29,7,2020,0,0,2,169,48
13,3,2020,29,8,2020,0,0,2,169,51
1,4,2020,17,9,2020,0,0,2,169,26
20,5,2020,5,11,2020,0,0,2,169,53
2,11,2020,20,4,2021,1,0,2,169,48
10,12,2020,28,5,2021,1,0,2,169,45
10,12,2020,28,5,2021,0,0,2,169,41
13,11,2019,1,5,2020,0,0,2,170,12
26,6,2020,13,12,2020,1,0,2,170,48
7,9,2020,24,2,2021,1,0,2,170,48
17,2,2020,6,8,2020,0,0,2,171,40
19,3,2020,6,9,2020,0,0,2,171,51
26,12,2019,15,6,2020,1,0,2,172,41
14,2,2020,4,8,2020,0,0,2,172,12
26,11,2020,17,5,2021,1,0,2,172,39
27,11,2019,18,5,2020,0,0,2,173,48
2,1,2020,23,6,2020,1,0,2,173,55
14,12,2019,4,6,2020,1,0,2,173,12
9,1,2020,30,6,2020,0,0,2,173,8
23,7,2020,12,1,2021,0,0,2,173,29
25,12,2019,16,6,2020,1,0,2,174,4
22,1,2020,14,7,2020,0,0,2,174,48
5,2,2020,28,7,2020,0,0,2,174,9
26,2,2020,18,8,2020,0,0,2,174,48
18,3,2020,8,9,2020,0,0,2,174,49
23,3,2020,13,9,2020,0,0,2,174,48
10,12,2020,2,6,2021,1,0,2,174,37
18,11,2019,11,5,2020,1,0,2,175,48
10,12,2019,2,6,2020,1,0,2,175,13
31,1,2020,24,7,2020,1,0,2,175,20
1,12,2020,25,5,2021,1,0,2,175,46
26,1,2020,20,7,2020,1,0,2,176,48
16,12,2019,9,6,2020,1,0,2,176,12
29,2,2020,23,8,2020,1,0,2,176,30
18,3,2020,10,9,2020,0,0,2,176,39
23,4,2020,16,10,2020,1,0,2,176,53
28,7,2021,20,1,2022,1,0,2,176,42
4,9,2019,28,2,2020,1,0,2,177,27
29,9,2020,25,3,2021,1,0,2,177,5
22,2,2020,18,8,2020,0,0,2,178,20
18,11,2019,15,5,2020,0,0,2,179,42
2,3,2020,28,8,2020,1,0,2,179,5
17,12,2020,16,6,2021,1,0,2,181,46
17,12,2020,16,6,2021,1,0,2,181,46
10,10,2019,9,4,2020,0,0,2,182,42
24,12,2019,23,6,2020,1,0,2,182,12
9,10,2019,8,4,2020,0,0,2,182,12
2,3,2020,31,8,2020,0,0,2,182,12
13,11,2019,14,5,2020,0,0,2,183,26
4,12,2019,4,6,2020,1,0,2,183,55
4,11,2019,6,5,2020,0,0,2,184,39
9,10,2019,10,4,2020,0,0,2,184,42
21,1,2020,23,7,2020,0,0,2,184,37
3,3,2020,3,9,2020,0,0,2,184,8
2,9,2020,5,3,2021,1,0,2,184,38
10,12,2020,12,6,2021,1,0,2,184,28
16,6,2020,18,12,2020,1,0,2,185,12
1,9,2019,5,3,2020,1,0,2,186,4
18,6,2020,21,12,2020,0,0,2,186,42
9,10,2019,14,4,2020,0,0,2,188,5
1,7,2020,5,1,2021,0,0,2,188,42
3,3,2020,8,9,2020,0,0,2,189,47
3,2,2021,11,8,2021,1,0,2,189,48
19,12,2019,26,6,2020,0,0,2,190,29
6,9,2019,15,3,2020,1,0,2,191,4
6,9,2019,15,3,2020,1,0,2,191,4
22,10,2019,30,4,2020,0,0,2,191,42
11,3,2020,18,9,2020,1,0,2,191,51
1,4,2020,9,10,2020,1,0,2,191,46
17,8,2020,25,2,2021,0,0,2,192,48
16,8,2021,24,2,2022,0,0,2,192,22
18,10,2019,29,4,2020,0,0,2,194,12
9,1,2020,21,7,2020,0,0,2,194,51
22,12,2020,4,7,2021,1,0,2,194,28
26,12,2020,9,7,2021,1,0,2,195,31
4,6,2018,17,12,2018,1,0,2,196,51
15,7,2020,27,1,2021,1,0,2,196,13
15,7,2020,27,1,2021,1,0,2,196,13
6,11,2019,21,5,2020,0,0,0,197,53
24,12,2020,9,7,2021,0,0,2,197,32
5,8,2020,19,2,2021,1,0,2,198,48
14,12,2020,30,6,2021,0,0,2,198,12
14,12,2019,30,6,2020,1,0,2,199,26
21,1,2021,9,8,2021,1,0,1,200,48
24,9,2019,13,4,2020,0,0,2,202,37
3,10,2019,22,4,2020,0,0,2,202,41
26,11,2020,16,6,2021,1,0,2,202,27
2,12,2020,22,6,2021,1,0,2,202,12
24,12,2020,14,7,2021,1,0,2,202,1
18,10,2019,8,5,2020,0,0,2,203,53
10,9,2019,1,4,2020,0,0,2,204,26
31,12,2019,22,7,2020,1,0,2,204,20
4,1,2021,27,7,2021,0,0,2,204,39
23,7,2020,13,2,2021,0,0,2,205,29
19,10,2019,12,5,2020,0,0,2,206,42
24,1,2020,17,8,2020,0,0,2,206,42
16,9,2019,10,4,2020,0,0,2,207,48
28,12,2020,23,7,2021,1,0,2,207,48
12,9,2019,7,4,2020,0,0,2,208,23
13,9,2019,9,4,2020,0,0,2,209,48
29,11,2019,25,6,2020,0,0,2,209,51
5,9,2019,2,4,2020,0,0,2,210,39
18,10,2019,15,5,2020,1,0,2,210,26
3,9,2019,1,4,2020,0,0,2,211,13
22,1,2020,20,8,2020,1,0,2,211,37
22,1,2020,20,8,2020,1,0,2,211,37
29,12,2020,28,7,2021,0,0,2,211,18
24,12,2020,23,7,2021,1,0,2,211,48
30,12,2020,29,7,2021,1,0,2,211,4
29,12,2020,28,7,2021,0,0,2,211,18
9,9,2019,8,4,2020,0,0,2,212,13
27,8,2019,26,3,2020,0,0,2,212,39
8,12,2020,8,7,2021,0,0,2,212,48
31,12,2020,1,8,2021,0,0,2,213,32
4,1,2021,6,8,2021,1,0,2,214,40
12,9,2019,14,4,2020,0,0,2,215,55
9,10,2019,11,5,2020,0,0,2,215,48
23,3,2018,25,10,2018,1,0,2,216,45
7,7,2020,8,2,2021,1,0,2,216,26
5,11,2020,9,6,2021,0,0,2,216,18
11,5,2020,14,12,2020,1,0,2,217,51
8,12,2020,13,7,2021,1,0,2,217,53
22,12,2020,28,7,2021,1,0,2,218,28
23,4,2018,29,11,2018,0,0,2,220,42
23,4,2018,29,11,2018,0,0,2,220,42
10,10,2019,17,5,2020,1,0,2,220,37
21,10,2019,28,5,2020,1,0,2,220,5
30,3,2020,5,11,2020,1,0,2,220,51
3,11,2020,11,6,2021,1,0,2,220,4
4,10,2019,12,5,2020,1,0,2,221,19
2,10,2019,11,5,2020,1,0,2,222,40
26,3,2020,3,11,2020,1,0,2,222,48
4,9,2019,15,4,2020,0,0,2,224,42
26,5,2020,5,1,2021,0,0,2,224,42
21,9,2020,3,5,2021,1,0,2,224,1
16,9,2019,28,4,2020,1,0,2,225,24
5,1,2021,18,8,2021,1,0,2,225,51
11,1,2021,24,8,2021,0,0,2,225,37
26,4,2018,8,12,2018,0,0,2,226,32
4,10,2019,17,5,2020,1,0,2,226,49
16,1,2020,30,8,2020,0,0,2,227,53
6,7,2021,19,2,2022,1,0,2,228,48
4,1,2019,21,8,2019,0,0,2,229,4
5,1,2021,22,8,2021,0,0,2,229,48
2,1,2019,21,8,2019,0,0,2,231,4
18,9,2019,7,5,2020,1,0,2,232,48
29,4,2018,18,12,2018,1,0,2,233,20
6,2,2019,27,9,2019,0,0,2,233,18
8,2,2019,29,9,2019,0,0,2,233,8
22,5,2019,10,1,2020,0,0,2,233,29
19,1,2021,9,9,2021,1,0,2,233,31
19,1,2019,10,9,2019,0,0,2,234,39
6,2,2019,28,9,2019,0,0,2,234,4
11,7,2019,1,3,2020,1,0,2,234,22
23,12,2019,13,8,2020,0,0,2,234,12
15,6,2020,4,2,2021,1,0,2,234,22
8,2,2019,1,10,2019,0,0,2,235,21
4,6,2020,25,1,2021,1,0,2,235,8
18,6,2020,8,2,2021,0,0,2,235,26
27,11,2020,20,7,2021,0,0,2,235,8
22,5,2019,13,1,2020,0,0,2,236,29
22,1,2021,15,9,2021,1,0,2,236,8
3,7,2019,25,2,2020,1,0,2,237,53
30,8,2019,23,4,2020,1,0,2,237,48
13,9,2019,7,5,2020,1,0,2,237,42
24,11,2020,19,7,2021,1,0,2,237,53
29,4,2019,23,12,2019,0,0,2,238,42
26,8,2019,20,4,2020,0,0,2,238,47
1,6,2020,25,1,2021,1,0,2,238,8
7,2,2019,4,10,2019,0,0,2,239,51
7,7,2019,2,3,2020,0,0,2,239,35
14,12,2018,11,8,2019,0,0,2,240,39
8,4,2019,4,12,2019,0,0,2,240,54
9,4,2019,5,12,2019,0,0,2,240,24
9,3,2019,4,11,2019,0,0,2,240,49
5,10,2020,2,6,2021,1,0,2,240,22
6,1,2021,3,9,2021,0,0,2,240,29
1,2,2021,29,9,2021,1,0,2,240,8
31,12,2018,29,8,2019,0,0,2,241,37
7,5,2019,3,1,2020,0,0,2,241,5
20,5,2019,16,1,2020,0,0,2,241,5
15,6,2020,11,2,2021,1,0,2,241,4
22,1,2021,20,9,2021,1,0,2,241,19
23,4,2020,21,12,2020,0,0,2,242,42
26,7,2018,26,3,2019,0,0,0,243,16
13,5,2019,11,1,2020,0,0,2,243,26
19,5,2020,17,1,2021,1,0,2,243,48
11,6,2020,9,2,2021,0,0,2,243,26
15,12,2018,16,8,2019,0,0,2,244,49
8,5,2019,7,1,2020,0,0,2,244,48
13,9,2019,14,5,2020,1,0,2,244,13
9,10,2019,9,6,2020,1,0,2,244,55
13,5,2020,12,1,2021,0,0,2,244,29
7,1,2021,8,9,2021,0,0,2,244,47
27,4,2021,27,12,2021,0,0,2,244,2
14,1,2019,16,9,2019,0,0,2,245,37
30,4,2019,31,12,2019,0,0,2,245,22
2,5,2019,2,1,2020,0,0,2,245,51
16,9,2019,18,5,2020,1,0,2,245,47
29,6,2020,1,3,2021,0,0,2,245,8
7,12,2020,9,8,2021,0,0,2,245,12
25,1,2021,27,9,2021,1,0,2,245,42
1,2,2021,4,10,2021,1,0,2,245,12
16,5,2019,17,1,2020,0,0,2,246,53
17,6,2020,18,2,2021,1,0,2,246,18
1,7,2020,4,3,2021,1,0,2,246,48
28,10,2020,1,7,2021,0,0,2,246,41
25,1,2021,28,9,2021,1,0,2,246,12
20,3,2019,22,11,2019,0,0,2,247,39
9,4,2019,12,12,2019,0,0,2,247,45
5,5,2019,7,1,2020,0,0,2,247,18
14,5,2020,16,1,2021,0,0,2,247,49
4,1,2021,8,9,2021,0,0,2,247,29
2,2,2021,7,10,2021,1,0,2,247,51
9,6,2021,11,2,2022,1,0,2,247,33
2,4,2019,6,12,2019,0,0,2,248,29
9,4,2019,13,12,2019,0,0,2,248,20
9,11,2019,14,7,2020,1,0,2,248,48
1,5,2020,4,1,2021,1,0,2,248,48
1,5,2020,4,1,2021,1,0,2,248,48
29,1,2021,4,10,2021,0,0,2,248,27
29,1,2021,4,10,2021,0,0,2,248,28
15,8,2018,21,4,2019,0,0,2,249,24
1,4,2019,6,12,2019,0,0,2,249,9
20,9,2019,26,5,2020,1,0,2,249,48
1,5,2020,5,1,2021,1,0,2,249,48
29,1,2021,5,10,2021,1,0,2,249,42
22,2,2019,30,10,2019,0,0,2,250,1
19,2,2019,28,10,2019,0,0,2,251,12
4,6,2019,10,2,2020,0,0,2,251,51
12,6,2019,18,2,2020,0,0,2,251,12
20,5,2020,26,1,2021,1,0,2,251,48
8,1,2019,17,9,2019,0,0,2,252,53
15,1,2019,24,9,2019,0,0,2,252,29
5,3,2019,12,11,2019,0,0,2,252,54
5,3,2019,12,11,2019,0,0,2,252,51
16,5,2019,23,1,2020,0,0,2,252,42
7,5,2019,14,1,2020,0,0,2,252,26
1,4,2019,9,12,2019,0,0,2,252,8
22,6,2020,1,3,2021,0,0,2,252,48
17,12,2018,27,8,2019,0,0,2,253,4
17,12,2018,27,8,2019,0,0,2,253,4
31,5,2020,8,2,2021,0,0,2,253,22
15,1,2019,26,9,2019,1,0,2,254,51
24,8,2019,4,5,2020,0,0,2,254,53
18,8,2020,29,4,2021,1,0,2,254,53
1,2,2021,13,10,2021,1,0,2,254,29
3,2,2021,15,10,2021,1,0,2,254,37
17,2,2021,29,10,2021,1,0,2,254,51
2,2,2019,15,10,2019,0,0,2,255,29
25,2,2019,7,11,2019,0,0,2,255,39
21,5,2020,31,1,2021,0,0,2,255,9
31,7,2018,13,4,2019,1,0,2,256,27
27,12,2018,9,9,2019,0,0,2,256,42
7,6,2019,18,2,2020,0,0,2,256,13
1,7,2019,13,3,2020,1,0,2,256,48
13,1,2021,26,9,2021,1,0,2,256,13
15,3,2019,27,11,2019,0,0,2,257,12
9,10,2019,22,6,2020,1,0,2,257,13
15,2,2019,31,10,2019,0,0,2,258,55
16,5,2019,29,1,2020,0,0,2,258,48
2,8,2019,16,4,2020,1,0,2,258,24
6,9,2019,21,5,2020,1,0,2,258,4
14,11,2019,29,7,2020,0,0,2,258,5
3,2,2021,19,10,2021,1,0,2,258,41
15,3,2019,29,11,2019,0,0,2,259,13
21,5,2019,4,2,2020,0,0,2,259,5
4,4,2019,20,12,2019,0,0,2,260,47
24,4,2019,9,1,2020,0,0,2,260,8
18,2,2021,5,11,2021,1,0,2,260,47
2,4,2019,19,12,2019,0,0,2,261,29
10,8,2020,28,4,2021,1,0,2,261,54
15,12,2020,2,9,2021,1,0,2,261,13
27,1,2021,15,10,2021,0,0,2,261,42
3,5,2021,19,1,2022,0,0,2,261,48
3,5,2021,19,1,2022,0,0,2,261,48
25,3,2019,12,12,2019,0,0,2,262,47
15,12,2020,3,9,2021,1,0,2,262,53
4,9,2019,24,5,2020,1,0,2,263,53
7,1,2021,27,9,2021,1,0,2,263,22
28,7,2018,18,4,2019,1,0,2,264,41
7,10,2019,27,6,2020,0,0,2,264,48
31,3,2020,20,12,2020,1,0,2,264,51
19,1,2021,10,10,2021,0,0,2,264,8
22,2,2019,14,11,2019,0,0,2,265,12
5,4,2019,26,12,2019,0,0,2,265,13
18,1,2019,10,10,2019,1,0,2,265,42
17,4,2019,7,1,2020,0,0,0,265,18
4,9,2020,27,5,2021,1,0,2,265,42
22,5,2018,12,2,2019,1,0,2,266,46
15,11,2018,8,8,2019,0,0,2,266,12
1,2,2021,25,10,2021,0,0,2,266,8
26,2,2021,19,11,2021,1,0,2,266,12
22,8,2019,15,5,2020,1,0,2,267,51
16,1,2019,11,10,2019,0,0,2,268,24
24,4,2019,17,1,2020,0,0,2,268,12
7,6,2019,1,3,2020,0,0,2,268,26
1,3,2021,24,11,2021,1,0,2,268,48
14,11,2018,10,8,2019,0,0,2,269,48
14,11,2018,10,8,2019,0,0,2,269,48
19,10,2020,15,7,2021,1,0,2,269,4
26,5,2018,20,2,2019,1,0,2,270,37
24,12,2018,20,9,2019,0,0,0,270,1
17,12,2020,13,9,2021,1,0,2,270,37
23,5,2018,19,2,2019,0,0,2,272,48
16,7,2018,14,4,2019,0,0,2,272,30
10,7,2019,7,4,2020,1,0,2,272,48
13,7,2019,10,4,2020,1,0,2,272,4
2,8,2019,30,4,2020,1,0,2,272,37
17,7,2020,15,4,2021,1,0,2,272,13
29,9,2020,28,6,2021,1,0,2,272,51
30,3,2021,27,12,2021,0,0,2,272,2
8,2,2018,8,11,2018,1,0,2,273,13
16,5,2019,13,2,2020,0,0,2,273,48
4,7,2019,2,4,2020,1,0,2,273,51
19,6,2019,18,3,2020,0,0,2,273,48
11,7,2019,9,4,2020,1,0,2,273,22
24,9,2020,24,6,2021,1,0,2,273,21
10,2,2021,10,11,2021,1,0,2,273,53
21,5,2018,19,2,2019,1,0,2,274,4
26,6,2018,27,3,2019,1,0,2,274,12
9,7,2018,9,4,2019,0,0,2,274,51
14,7,2018,14,4,2019,0,0,2,274,1
28,11,2018,29,8,2019,0,0,2,274,32
29,4,2019,28,1,2020,0,0,2,274,49
27,12,2018,27,9,2019,0,0,2,274,29
5,7,2019,4,4,2020,1,0,2,274,37
10,7,2019,9,4,2020,1,0,2,274,26
26,6,2018,28,3,2019,1,0,2,275,35
26,6,2018,28,3,2019,1,0,2,275,48
4,7,2018,5,4,2019,1,0,2,275,22
17,7,2018,18,4,2019,1,0,2,275,53
2,7,2019,2,4,2020,1,0,2,275,48
17,7,2019,17,4,2020,1,0,2,275,21
18,7,2019,18,4,2020,1,0,2,275,48
31,7,2019,1,5,2020,1,0,2,275,30
2,6,2021,4,3,2022,1,0,2,275,13
18,6,2018,21,3,2019,0,0,2,276,16
18,6,2018,21,3,2019,0,0,2,276,16
2,7,2018,4,4,2019,1,0,2,276,12
3,7,2018,5,4,2019,0,0,2,276,42
12,7,2018,14,4,2019,1,0,2,276,16
13,7,2018,15,4,2019,1,0,2,276,24
24,6,2018,28,3,2019,1,0,2,277,12
2,7,2018,5,4,2019,0,0,2,277,32
2,7,2018,5,4,2019,0,0,2,277,39
16,7,2018,19,4,2019,0,0,2,277,41
30,11,2018,3,9,2019,0,0,2,277,42
23,11,2018,27,8,2019,0,0,2,277,12
1,3,2019,3,12,2019,0,0,2,277,55
5,4,2019,7,1,2020,0,0,2,277,16
5,4,2019,7,1,2020,0,0,2,277,56
11,7,2019,13,4,2020,1,0,2,277,13
25,1,2021,29,10,2021,0,0,2,277,33
19,11,2018,24,8,2019,0,0,2,278,53
19,11,2018,24,8,2019,0,0,2,278,53
26,6,2019,30,3,2020,0,0,2,278,48
14,7,2019,17,4,2020,1,0,2,278,33
18,7,2019,21,4,2020,1,0,2,278,5
26,6,2019,30,3,2020,0,0,2,278,48
18,5,2018,21,2,2019,0,0,2,279,12
26,6,2018,1,4,2019,1,0,2,279,48
26,6,2018,1,4,2019,0,0,2,279,26
30,6,2018,5,4,2019,0,0,2,279,32
11,7,2018,16,4,2019,0,0,0,279,37
17,7,2018,22,4,2019,1,0,2,279,8
3,7,2019,7,4,2020,1,0,2,279,4
25,6,2018,1,4,2019,1,0,2,280,48
2,7,2018,8,4,2019,0,0,2,280,29
11,7,2018,17,4,2019,0,0,2,280,39
11,7,2018,17,4,2019,1,0,2,280,48
28,11,2018,4,9,2019,0,0,2,280,49
11,7,2019,16,4,2020,1,0,2,280,8
4,3,2021,9,12,2021,1,0,2,280,47
31,5,2018,8,3,2019,1,0,2,281,18
6,3,2019,12,12,2019,1,0,2,281,1
22,10,2020,30,7,2021,1,0,2,281,29
3,3,2021,9,12,2021,1,0,2,281,18
25,6,2018,3,4,2019,0,0,2,282,24
2,7,2018,10,4,2019,0,0,2,282,29
25,6,2018,3,4,2019,0,0,2,282,49
25,6,2018,3,4,2019,0,0,2,282,42
26,6,2018,4,4,2019,1,0,2,282,29
28,6,2018,6,4,2019,0,0,2,282,42
2,7,2018,10,4,2019,1,0,2,282,45
16,11,2018,25,8,2019,0,0,2,282,21
4,12,2018,12,9,2019,0,0,2,282,29
6,2,2019,15,11,2019,0,0,2,282,22
21,4,2019,28,1,2020,1,0,2,282,49
4,6,2018,14,3,2019,0,0,2,283,12
6,11,2018,16,8,2019,0,0,2,283,37
4,3,2019,12,12,2019,1,0,2,283,40
5,7,2019,13,4,2020,1,0,2,283,45
8,7,2019,16,4,2020,1,0,2,283,8
29,3,2019,6,1,2020,1,0,2,283,22
17,2,2021,27,11,2021,0,0,2,283,30
17,2,2021,27,11,2021,0,0,2,283,30
31,5,2018,11,3,2019,1,0,2,284,13
18,5,2018,26,2,2019,0,0,2,284,48
1,7,2018,11,4,2019,1,0,2,284,37
30,6,2018,10,4,2019,0,0,2,284,56
20,10,2018,31,7,2019,1,0,2,284,48
20,11,2018,31,8,2019,0,0,2,284,32
1,3,2019,10,12,2019,0,0,2,284,51
24,6,2019,3,4,2020,1,0,2,284,53
19,7,2019,28,4,2020,1,0,2,284,47
31,5,2018,12,3,2019,1,0,2,285,26
31,5,2018,12,3,2019,1,0,2,285,26
29,5,2018,10,3,2019,1,0,2,285,22
26,5,2018,7,3,2019,1,0,2,285,35
5,4,2019,15,1,2020,1,0,2,285,8
27,6,2019,7,4,2020,0,0,2,285,42
5,3,2021,15,12,2021,1,0,2,285,41
3,3,2021,13,12,2021,0,0,2,285,48
2,7,2018,14,4,2019,1,0,2,286,48
16,7,2018,28,4,2019,0,0,2,286,12
8,8,2018,21,5,2019,1,0,2,286,48
25,3,2019,5,1,2020,1,0,2,286,55
3,7,2019,14,4,2020,1,0,2,286,18
2,3,2021,13,12,2021,1,0,2,286,8
31,5,2018,14,3,2019,1,0,2,287,8
1,6,2018,15,3,2019,0,0,2,287,51
26,6,2018,9,4,2019,0,0,2,287,20
4,9,2018,18,6,2019,0,0,2,287,42
16,5,2018,28,2,2019,0,0,2,288,12
27,6,2018,11,4,2019,0,0,2,288,39
22,10,2018,6,8,2019,0,0,2,288,18
1,11,2018,16,8,2019,0,0,2,288,48
25,2,2019,10,12,2019,1,0,2,288,27
26,3,2019,8,1,2020,1,0,2,288,32
2,7,2019,15,4,2020,1,0,2,288,53
22,5,2018,7,3,2019,0,0,2,289,20
10,7,2018,25,4,2019,0,0,2,289,37
26,12,2018,11,10,2019,0,0,2,289,24
12,3,2019,26,12,2019,1,0,2,289,51
20,6,2019,4,4,2020,1,0,2,289,53
8,7,2019,22,4,2020,1,0,2,289,42
16,7,2019,30,4,2020,1,0,2,289,26
31,10,2020,16,8,2021,1,0,2,289,4
5,11,2020,21,8,2021,1,0,2,289,4
25,5,2018,11,3,2019,1,0,2,290,48
25,6,2018,11,4,2019,0,0,2,290,41
5,3,2019,20,12,2019,1,0,2,290,29
9,2,2021,26,11,2021,1,0,2,290,39
30,6,2018,17,4,2019,0,0,2,291,37
2,7,2018,19,4,2019,0,0,2,291,26
29,1,2019,16,11,2019,1,0,2,291,35
5,4,2019,21,1,2020,1,0,2,291,1
15,6,2018,3,4,2019,1,0,2,292,8
19,10,2018,7,8,2019,1,0,2,292,18
25,2,2019,14,12,2019,1,0,2,292,1
14,3,2019,31,12,2019,1,0,2,292,42
28,6,2019,15,4,2020,0,0,0,292,39
11,2,2021,30,11,2021,0,0,0,292,39
19,2,2021,8,12,2021,0,0,2,292,51
4,3,2021,21,12,2021,1,0,2,292,8
30,10,2018,19,8,2019,0,0,2,293,9
14,8,2019,2,6,2020,1,0,2,293,48
4,3,2021,22,12,2021,1,0,2,293,4
20,5,2018,10,3,2019,1,0,2,294,44
7,6,2018,28,3,2019,0,0,2,294,45
24,9,2018,15,7,2019,0,0,2,294,12
21,3,2019,9,1,2020,1,0,2,294,29
26,3,2019,14,1,2020,1,0,2,294,19
2,5,2019,20,2,2020,1,0,2,294,53
6,9,2019,26,6,2020,1,0,2,294,12
26,1,2021,16,11,2021,0,0,2,294,27
1,2,2021,22,11,2021,1,0,2,294,55
9,5,2018,28,2,2019,1,0,2,295,48
7,6,2019,28,3,2020,1,0,2,295,35
14,8,2019,4,6,2020,1,0,2,295,5
27,4,2021,16,2,2022,1,0,2,295,47
26,6,2018,18,4,2019,1,0,2,296,22
3,7,2019,24,4,2020,1,0,2,296,48
2,7,2019,23,4,2020,1,0,2,296,53
4,3,2021,25,12,2021,1,0,2,296,49
8,5,2018,1,3,2019,0,0,0,297,29
9,3,2019,31,12,2019,1,0,2,297,41
7,5,2019,28,2,2020,1,0,2,297,4
16,6,2019,8,4,2020,1,0,2,297,53
7,8,2019,30,5,2020,1,0,2,297,4
21,11,2019,13,9,2020,0,0,2,297,48
3,3,2021,25,12,2021,0,0,2,297,48
25,6,2018,19,4,2019,0,0,2,298,47
13,7,2018,7,5,2019,0,0,2,298,53
6,8,2018,31,5,2019,1,0,2,298,40
2,10,2018,27,7,2019,0,0,2,298,48
7,2,2019,2,12,2019,1,0,2,298,48
5,4,2019,28,1,2020,1,0,2,298,18
15,3,2019,7,1,2020,1,0,2,298,41
27,6,2019,20,4,2020,0,0,2,298,45
2,7,2018,27,4,2019,0,0,2,299,40
5,11,2018,31,8,2019,0,0,2,299,13
5,11,2018,31,8,2019,0,0,2,299,55
18,1,2019,13,11,2019,0,0,2,299,41
16,5,2019,10,3,2020,0,0,2,299,8
18,2,2021,14,12,2021,1,0,2,299,13
18,2,2021,14,12,2021,1,0,2,299,13
7,6,2018,3,4,2019,1,0,2,300,12
18,6,2018,14,4,2019,1,0,2,300,45
15,6,2018,11,4,2019,0,0,2,300,12
18,10,2018,14,8,2019,0,0,2,300,28
11,4,2019,5,2,2020,1,0,2,300,48
3,3,2021,28,12,2021,0,0,2,300,42
21,9,2018,19,7,2019,0,0,2,301,8
24,9,2018,22,7,2019,0,0,2,301,48
17,1,2019,14,11,2019,1,0,2,301,42
4,4,2019,30,1,2020,1,0,2,301,55
12,4,2019,7,2,2020,1,0,2,301,49
9,4,2019,4,2,2020,1,0,2,301,48
13,6,2019,9,4,2020,1,0,2,301,27
2,3,2021,28,12,2021,1,0,2,301,26
4,3,2021,30,12,2021,1,0,2,301,53
8,5,2018,6,3,2019,0,0,2,302,48
8,5,2018,6,3,2019,0,0,2,302,48
16,5,2018,14,3,2019,0,0,2,302,48
4,6,2018,2,4,2019,0,0,2,302,40
4,6,2018,2,4,2019,1,0,2,302,51
16,7,2018,14,5,2019,1,0,2,302,19
7,2,2019,6,12,2019,1,0,2,302,39
19,2,2019,18,12,2019,1,0,2,302,39
9,4,2019,5,2,2020,1,0,2,302,12
10,4,2019,6,2,2020,1,0,2,302,48
7,5,2019,4,3,2020,1,0,2,302,13
5,6,2018,4,4,2019,1,0,2,303,2
3,5,2018,2,3,2019,0,0,2,303,48
24,9,2018,24,7,2019,1,0,2,303,49
9,11,2018,8,9,2019,0,0,2,303,40
2,1,2019,1,11,2019,1,0,2,303,31
2,1,2019,1,11,2019,1,0,2,303,31
9,4,2019,6,2,2020,1,0,2,303,42
13,4,2019,10,2,2020,1,0,2,303,41
23,4,2019,20,2,2020,1,0,2,303,27
7,5,2018,7,3,2019,0,0,2,304,53
15,1,2019,15,11,2019,1,0,2,304,41
16,5,2019,15,3,2020,1,0,2,304,24
14,6,2018,15,4,2019,1,0,2,305,44
9,5,2019,9,3,2020,1,0,2,305,12
1,8,2019,1,6,2020,0,0,2,305,49
25,2,2021,27,12,2021,0,0,2,305,12
8,3,2021,7,1,2022,1,0,2,305,49
4,5,2018,6,3,2019,1,0,2,306,1
2,7,2018,4,5,2019,0,0,2,306,13
4,1,2019,6,11,2019,1,0,2,306,20
24,4,2019,24,2,2020,1,0,2,306,2
21,6,2019,22,4,2020,0,0,2,306,42
8,1,2019,11,11,2019,1,0,2,307,22
20,1,2021,23,11,2021,1,0,2,307,55
6,4,2021,7,2,2022,0,0,2,307,45
10,3,2021,11,1,2022,1,0,2,307,48
10,3,2021,11,1,2022,1,0,2,307,51
4,5,2018,8,3,2019,1,0,2,308,37
17,9,2018,22,7,2019,0,0,2,308,5
28,12,2018,1,11,2019,1,0,2,308,28
8,1,2019,12,11,2019,1,0,2,308,13
22,1,2019,26,11,2019,1,0,2,308,18
26,6,2019,29,4,2020,1,0,2,308,22
9,4,2021,11,2,2022,1,0,2,308,33
3,5,2018,8,3,2019,1,0,2,309,37
7,5,2018,12,3,2019,0,0,2,309,51
20,8,2018,25,6,2019,0,0,2,309,49
28,4,2019,2,3,2020,1,0,2,309,13
26,6,2019,30,4,2020,0,0,2,309,48
18,2,2021,24,12,2021,0,0,2,309,26
4,3,2021,7,1,2022,1,0,2,309,28
16,4,2021,19,2,2022,1,0,2,309,48
7,5,2018,13,3,2019,1,0,2,310,26
27,5,2018,2,4,2019,1,0,2,310,51
15,6,2018,21,4,2019,1,0,2,310,48
9,1,2019,15,11,2019,1,0,2,310,40
2,2,2019,9,12,2019,1,0,2,310,44
8,2,2019,15,12,2019,1,0,2,310,48
25,3,2019,29,1,2020,1,0,2,310,48
1,3,2021,5,1,2022,0,0,2,310,42
27,8,2018,4,7,2019,0,0,2,311,8
6,10,2018,13,8,2019,0,0,2,311,12
3,5,2019,9,3,2020,1,0,2,311,51
5,4,2019,10,2,2020,1,0,2,311,48
4,6,2018,12,4,2019,1,0,2,312,51
4,1,2019,12,11,2019,1,0,2,312,31
28,6,2019,5,5,2020,1,0,2,312,48
12,3,2021,18,1,2022,1,0,2,312,20
8,9,2018,18,7,2019,0,0,2,313,37
7,9,2018,17,7,2019,0,0,2,313,24
11,3,2021,18,1,2022,1,0,2,313,20
11,3,2021,18,1,2022,1,0,2,313,42
22,4,2021,1,3,2022,1,0,2,313,48
5,5,2018,15,3,2019,1,0,2,314,44
3,5,2019,12,3,2020,1,0,2,314,55
14,5,2019,23,3,2020,0,0,2,314,49
16,5,2019,25,3,2020,1,0,2,314,48
13,6,2019,22,4,2020,0,0,2,314,8
29,1,2021,9,12,2021,1,0,2,314,48
8,3,2021,16,1,2022,1,0,2,314,41
1,5,2018,12,3,2019,1,0,2,315,48
10,7,2018,21,5,2019,0,0,2,315,37
23,7,2018,3,6,2019,0,0,2,315,39
16,10,2018,27,8,2019,0,0,2,315,42
13,11,2018,24,9,2019,1,0,2,315,20
27,12,2018,7,11,2019,1,0,2,315,5
7,5,2019,17,3,2020,1,0,2,315,48
23,7,2019,2,6,2020,1,0,2,315,20
26,7,2018,7,6,2019,1,0,2,316,55
27,8,2018,9,7,2019,0,0,2,316,49
1,10,2018,13,8,2019,0,0,2,316,24
16,5,2019,27,3,2020,1,0,2,316,13
8,5,2019,19,3,2020,1,0,2,316,37
25,7,2019,5,6,2020,1,0,2,316,8
23,2,2021,5,1,2022,1,0,2,316,51
1,5,2018,14,3,2019,1,0,2,317,1
13,8,2018,26,6,2019,0,0,0,317,55
30,10,2018,12,9,2019,1,0,2,317,37
13,11,2018,26,9,2019,1,0,2,317,19
9,3,2021,20,1,2022,1,0,2,317,49
16,7,2018,30,5,2019,1,0,2,318,33
16,7,2018,30,5,2019,1,0,2,318,39
24,7,2018,7,6,2019,1,0,2,318,29
24,7,2018,7,6,2019,1,0,2,318,29
17,9,2018,1,8,2019,0,0,2,318,4
10,3,2021,22,1,2022,1,0,2,318,48
12,3,2021,24,1,2022,1,0,2,318,2
19,5,2018,3,4,2019,0,0,2,319,4
23,7,2018,7,6,2019,0,0,2,319,48
3,8,2018,18,6,2019,0,0,2,319,48
11,9,2018,27,7,2019,0,0,2,319,49
18,11,2018,3,10,2019,1,0,2,319,37
14,3,2019,27,1,2020,1,0,2,319,4
27,4,2019,11,3,2020,1,0,2,319,39
19,4,2019,3,3,2020,0,0,2,319,22
12,3,2021,25,1,2022,1,0,2,319,53
15,3,2021,28,1,2022,1,0,2,319,12
25,4,2018,11,3,2019,0,0,2,320,21
15,8,2018,1,7,2019,0,0,2,320,48
24,8,2018,10,7,2019,0,0,2,320,48
5,12,2018,21,10,2019,0,0,2,320,33
27,6,2019,12,5,2020,0,0,2,320,12
23,7,2018,9,6,2019,0,0,2,321,8
6,8,2018,23,6,2019,0,0,2,321,39
6,8,2018,23,6,2019,0,0,2,321,39
9,10,2018,26,8,2019,0,0,2,321,48
11,10,2018,28,8,2019,1,0,2,321,19
16,11,2018,3,10,2019,1,0,2,321,51
1,5,2019,17,3,2020,1,0,2,321,27
17,7,2018,4,6,2019,0,0,2,322,48
19,7,2018,6,6,2019,1,0,2,322,39
24,7,2018,11,6,2019,1,0,2,322,40
23,7,2018,10,6,2019,0,0,2,322,42
13,8,2018,1,7,2019,0,0,2,322,53
22,10,2018,9,9,2019,1,0,2,322,51
31,10,2018,18,9,2019,1,0,2,322,55
7,12,2018,25,10,2019,1,0,2,322,50
19,6,2019,6,5,2020,1,0,2,322,4
12,3,2021,28,1,2022,0,0,2,322,42
10,3,2021,26,1,2022,1,0,2,322,48
3,10,2018,22,8,2019,0,0,2,323,26
25,10,2018,13,9,2019,1,0,2,323,4
15,4,2019,3,3,2020,0,0,2,323,20
11,1,2020,29,11,2020,0,0,2,323,40
18,3,2021,4,2,2022,1,0,2,323,8
28,3,2018,15,2,2019,0,0,2,324,13
13,2,2019,3,1,2020,1,0,2,324,51
18,3,2021,5,2,2022,0,0,2,324,13
17,3,2021,4,2,2022,1,0,2,324,35
20,8,2018,11,7,2019,0,0,2,325,31
5,11,2018,26,9,2019,1,0,2,325,24
3,12,2018,24,10,2019,1,0,2,325,45
10,9,2018,1,8,2019,0,0,2,325,18
7,6,2019,27,4,2020,1,0,2,325,48
12,3,2018,1,2,2019,1,0,2,326,48
25,7,2018,16,6,2019,0,0,2,326,13
12,7,2018,3,6,2019,1,0,2,326,48
19,10,2018,10,9,2019,1,0,2,326,48
19,10,2018,10,9,2019,1,0,2,326,48
9,3,2019,29,1,2020,1,0,2,326,48
8,5,2019,29,3,2020,1,0,2,326,48
19,10,2018,11,9,2019,0,0,2,327,29
2,10,2018,25,8,2019,1,0,2,327,48
2,10,2018,25,8,2019,1,0,2,327,48
18,3,2019,8,2,2020,1,0,1,327,39
20,6,2019,12,5,2020,1,0,2,327,27
28,8,2019,20,7,2020,1,0,2,327,51
12,7,2018,5,6,2019,1,0,2,328,8
12,9,2018,6,8,2019,0,0,2,328,48
20,9,2018,14,8,2019,1,0,2,328,26
15,2,2019,9,1,2020,1,0,2,328,42
3,3,2021,25,1,2022,0,0,2,328,54
28,6,2018,23,5,2019,1,0,2,329,41
17,7,2018,11,6,2019,1,0,2,329,33
19,7,2018,13,6,2019,1,0,2,329,35
11,10,2018,5,9,2019,1,0,0,329,4
29,11,2018,24,10,2019,1,0,2,329,18
18,1,2019,13,12,2019,1,0,2,329,16
23,4,2019,17,3,2020,1,0,2,329,48
17,3,2021,9,2,2022,1,0,2,329,51
12,3,2021,4,2,2022,1,0,2,329,48
11,7,2018,6,6,2019,1,0,2,330,24
17,7,2018,12,6,2019,0,0,2,330,42
10,9,2018,6,8,2019,0,0,2,330,48
10,9,2018,6,8,2019,0,0,2,330,48
11,9,2018,7,8,2019,0,0,2,330,53
12,9,2018,8,8,2019,1,0,2,330,24
17,3,2021,10,2,2022,1,0,2,330,53
18,3,2021,11,2,2022,1,0,2,330,33
17,3,2021,10,2,2022,1,0,2,330,49
16,4,2018,13,3,2019,1,0,2,331,48
29,11,2018,26,10,2019,1,0,2,331,49
14,3,2021,8,2,2022,0,0,2,331,12
24,3,2021,18,2,2022,0,0,2,331,12
30,3,2021,25,2,2022,0,0,2,332,48
14,5,2018,12,4,2019,1,0,2,333,44
29,8,2018,28,7,2019,1,0,2,333,49
26,8,2018,25,7,2019,1,0,2,333,26
21,11,2018,20,10,2019,1,0,2,333,47
25,7,2019,22,6,2020,1,0,2,333,37
26,2,2021,25,1,2022,0,0,2,333,51
11,3,2021,7,2,2022,0,0,2,333,54
19,3,2021,15,2,2022,0,0,2,333,26
26,7,2018,25,6,2019,0,0,2,334,39
26,7,2018,25,6,2019,1,0,2,334,18
25,7,2018,24,6,2019,1,0,2,334,21
8,9,2018,8,8,2019,1,0,2,334,48
4,10,2018,3,9,2019,1,0,2,334,21
19,10,2018,18,9,2019,0,0,2,334,29
18,10,2018,17,9,2019,1,0,2,334,32
18,10,2018,17,9,2019,1,0,2,334,32
27,7,2019,25,6,2020,1,0,2,334,26
5,3,2021,2,2,2022,0,0,2,334,53
19,3,2021,16,2,2022,1,0,2,334,47
6,4,2021,6,3,2022,0,0,2,334,45
6,4,2021,6,3,2022,0,0,2,334,48
31,7,2018,1,7,2019,0,0,2,335,13
13,9,2018,14,8,2019,1,0,2,335,39
12,12,2018,12,11,2019,1,0,2,335,4
18,3,2021,16,2,2022,1,0,2,335,48
4,3,2021,2,2,2022,1,0,2,335,29
9,5,2018,10,4,2019,1,0,2,336,44
18,7,2018,19,6,2019,1,0,2,336,29
18,7,2018,19,6,2019,1,0,2,336,29
23,7,2018,24,6,2019,1,0,2,336,48
21,9,2018,23,8,2019,1,0,2,336,5
9,10,2018,10,9,2019,1,0,2,336,19
25,2,2021,27,1,2022,0,0,2,336,12
24,3,2021,23,2,2022,1,0,2,336,18
1,3,2018,1,2,2019,1,0,2,337,8
30,7,2018,2,7,2019,0,0,2,337,13
18,7,2018,20,6,2019,1,0,2,337,55
8,9,2018,11,8,2019,1,0,2,337,40
24,9,2018,27,8,2019,1,0,2,337,12
26,9,2018,29,8,2019,1,0,2,337,33
26,9,2018,29,8,2019,1,0,2,337,20
16,3,2021,16,2,2022,0,0,2,337,21
29,3,2021,1,3,2022,0,0,2,337,42
23,7,2018,26,6,2019,1,0,2,338,42
25,7,2018,28,6,2019,1,0,2,338,8
1,8,2018,5,7,2019,1,0,2,338,8
19,9,2018,23,8,2019,1,0,2,338,18
19,9,2018,23,8,2019,1,0,2,338,18
24,9,2018,28,8,2019,1,0,2,338,45
23,3,2021,24,2,2022,1,0,2,338,53
18,3,2021,19,2,2022,1,0,2,338,48
18,6,2018,23,5,2019,0,0,2,339,37
2,9,2018,7,8,2019,1,0,2,339,24
23,7,2018,28,6,2019,1,0,2,340,8
25,9,2018,31,8,2019,1,0,2,340,5
3,12,2018,8,11,2019,1,0,2,340,48
15,3,2021,18,2,2022,0,0,2,340,48
22,3,2021,25,2,2022,1,0,2,340,48
26,8,2018,2,8,2019,1,0,2,341,48
31,1,2019,7,1,2020,0,0,2,341,48
9,5,2019,14,4,2020,0,0,2,341,5
10,3,2021,14,2,2022,0,0,2,341,29
8,3,2021,12,2,2022,1,0,2,341,47
20,7,2018,27,6,2019,1,0,2,342,48
1,8,2018,9,7,2019,1,0,2,342,48
10,9,2018,18,8,2019,1,0,2,342,26
17,10,2018,24,9,2019,1,0,2,342,4
17,3,2021,22,2,2022,1,0,2,342,48
21,3,2021,26,2,2022,0,0,2,342,19
18,3,2021,23,2,2022,0,0,2,342,4
28,6,2018,6,6,2019,1,0,2,343,20
18,7,2018,26,6,2019,1,0,2,343,35
30,7,2018,8,7,2019,1,0,2,343,33
18,12,2018,26,11,2019,0,0,2,343,9
19,3,2021,25,2,2022,1,0,2,343,8
11,3,2021,17,2,2022,1,0,2,343,49
8,1,2021,17,12,2021,1,0,2,343,53
23,7,2018,2,7,2019,1,0,2,344,26
8,8,2018,18,7,2019,1,0,2,344,39
4,9,2018,14,8,2019,1,0,2,344,49
5,3,2021,12,2,2022,1,0,2,344,32
22,3,2021,1,3,2022,1,0,2,344,48
25,3,2021,4,3,2022,0,0,2,344,12
11,4,2018,22,3,2019,0,0,2,345,27
27,8,2018,7,8,2019,1,0,2,345,48
16,3,2021,24,2,2022,0,0,2,345,12
24,9,2018,5,9,2019,1,0,2,346,5
18,2,2020,29,1,2021,0,0,2,346,55
15,7,2018,27,6,2019,0,0,2,347,39
30,7,2018,12,7,2019,1,0,2,347,41
12,3,2019,22,2,2020,0,0,2,347,49
16,6,2018,30,5,2019,0,0,2,348,48
8,8,2018,22,7,2019,1,0,2,348,39
11,8,2018,25,7,2019,1,0,2,348,39
11,8,2018,25,7,2019,1,0,2,348,39
17,11,2018,31,10,2019,1,0,2,348,32
26,7,2018,9,7,2019,1,0,2,348,40
12,3,2021,24,2,2022,0,0,2,349,12
8,11,2018,24,10,2019,1,0,2,350,1
7,8,2018,25,7,2019,1,0,2,352,51
7,8,2018,25,7,2019,1,0,2,352,51
12,9,2018,30,8,2019,1,0,2,352,1
22,1,2021,9,1,2022,1,0,2,352,49
20,7,2018,9,7,2019,1,0,2,354,26
26,7,2018,15,7,2019,1,0,2,354,35
22,5,2019,10,5,2020,1,0,2,354,41
12,3,2021,1,3,2022,1,0,2,354,41
20,4,2018,10,4,2019,1,0,2,355,44
7,9,2018,28,8,2019,1,0,2,355,48
7,9,2018,28,8,2019,1,0,2,355,48
4,11,2018,25,10,2019,1,0,2,355,19
12,3,2021,2,3,2022,1,0,2,355,8
2,5,2019,22,4,2020,0,0,0,356,8
5,9,2018,28,8,2019,1,0,2,357,48
11,12,2019,2,12,2020,0,0,2,357,16
4,3,2021,24,2,2022,0,0,2,357,53
6,8,2018,30,7,2019,1,0,2,358,53
30,7,2018,23,7,2019,1,0,2,358,29
24,4,2019,17,4,2020,1,0,2,359,22
28,2,2021,23,2,2022,1,0,2,360,55
3,3,2021,26,2,2022,0,0,2,360,13
16,6,2018,12,6,2019,1,0,2,361,27
23,7,2018,19,7,2019,0,0,2,361,49
6,8,2018,2,8,2019,1,0,2,361,40
4,10,2018,30,9,2019,1,0,2,361,53
27,6,2018,24,6,2019,1,0,2,362,12
5,8,2018,5,8,2019,1,0,2,365,8
21,11,2018,21,11,2019,1,0,2,365,46
29,4,2019,28,4,2020,1,0,2,365,20
24,9,2018,25,9,2019,1,0,2,366,22
19,4,2019,19,4,2020,1,0,1,366,48
30,4,2018,3,5,2019,0,0,2,368,26
3,8,2018,6,8,2019,1,0,2,368,12
1,8,2018,6,8,2019,1,0,2,370,18
17,12,2019,21,12,2020,1,0,2,370,48
12,2,2018,18,2,2019,0,0,2,371,13
8,11,2019,13,11,2020,0,0,2,371,13
6,8,2018,15,8,2019,1,0,2,374,40
28,7,2018,9,8,2019,1,0,2,377,8
10,10,2018,22,10,2019,1,0,2,377,12
29,5,2018,13,6,2019,0,0,2,380,12
20,5,2018,6,6,2019,0,0,2,382,55
4,4,2018,22,4,2019,0,0,2,383,53
13,6,2018,1,7,2019,1,0,2,383,44
8,8,2018,29,8,2019,1,0,2,386,5
22,1,2018,13,2,2019,1,0,2,387,48
18,6,2018,13,7,2019,1,0,2,390,45
4,4,2018,1,5,2019,1,0,2,392,48
5,2,2018,6,3,2019,1,0,2,394,48
2,2,2020,2,3,2021,0,0,2,394,48
27,1,2018,28,2,2019,0,0,2,397,48
24,9,2018,30,10,2019,1,0,2,401,37
21,8,2020,27,9,2021,1,0,2,402,21
7,9,2018,17,10,2019,1,0,2,405,4
5,3,2018,15,4,2019,0,0,2,406,47
6,8,2018,17,9,2019,1,0,2,407,51
6,8,2018,17,9,2019,1,0,2,407,51
10,3,2018,22,4,2019,0,0,2,408,48
10,9,2018,24,10,2019,1,0,2,409,12
18,8,2020,8,10,2021,1,0,2,416,4
11,2,2018,4,4,2019,0,0,2,417,6
17,1,2018,11,3,2019,0,0,2,418,26
28,2,2018,30,4,2019,1,0,2,426,48
18,6,2019,17,8,2020,0,0,2,426,12
25,9,2019,1,12,2020,1,0,2,433,53
3,6,2019,27,8,2020,1,0,2,451,13
18,10,2018,22,1,2020,0,0,2,461,4
16,8,2018,2,12,2019,1,0,0,473,48
20,10,2020,18,2,2022,1,0,2,486,51
8,8,2017,6,3,2019,1,0,2,575,4
31,12,2020,23,8,2022,1,0,2,600,45
18,5,2018,17,1,2020,0,0,0,609,47
26,6,2018,2,4,2020,0,0,2,646,18
16,8,2017,2,7,2019,0,0,2,685,1
22,1,2017,15,4,2019,0,0,2,813,8
18,8,2018,14,1,2021,1,0,2,880,4
5,11,2018,1,3,2019,1,1,2,116,21
16,1,2020,12,1,2020,0,1,1,-4,4
1,5,2020,4,5,2020,0,1,1,3,1
21,2,2019,1,3,2019,0,1,1,8,42
1,4,2019,9,4,2019,1,1,1,8,8
1,4,2019,9,4,2019,1,1,1,8,48
6,1,2022,14,1,2022,1,1,1,8,53
3,8,2021,12,8,2021,0,1,1,9,12
31,3,2019,10,4,2019,0,1,1,10,48
6,10,2019,16,10,2019,0,1,1,10,25
11,6,2021,21,6,2021,1,1,1,10,53
30,1,2022,9,2,2022,1,1,1,10,51
29,3,2019,9,4,2019,0,1,1,11,40
28,1,2022,8,2,2022,0,1,1,11,12
15,3,2019,27,3,2019,0,1,1,12,42
30,3,2019,11,4,2019,0,1,1,12,53
30,3,2019,11,4,2019,0,1,1,12,53
24,7,2020,5,8,2020,0,1,1,12,29
13,8,2021,25,8,2021,1,1,1,12,37
30,9,2021,12,10,2021,1,1,1,12,48
24,10,2021,5,11,2021,1,1,1,12,53
21,1,2022,2,2,2022,1,1,1,12,26
21,1,2022,2,2,2022,1,1,1,12,12
28,1,2022,9,2,2022,0,1,1,12,39
22,2,2019,7,3,2019,0,1,1,13,42
1,3,2019,14,3,2019,1,1,1,13,51
24,2,2019,9,3,2019,0,1,1,13,54
1,3,2019,14,3,2019,1,1,1,13,48
26,2,2019,11,3,2019,0,1,1,13,37
17,2,2019,2,3,2019,0,1,1,13,24
17,2,2019,2,3,2019,0,1,1,13,24
20,2,2019,5,3,2019,1,1,1,13,29
20,9,2019,3,10,2019,1,1,1,13,29
10,10,2019,23,10,2019,1,1,1,13,12
27,6,2021,10,7,2021,1,1,1,13,4
20,10,2021,2,11,2021,0,1,1,13,12
5,2,2022,18,2,2022,0,1,1,13,53
15,2,2019,1,3,2019,1,1,1,14,45
28,2,2019,14,3,2019,1,1,1,14,42
18,2,2019,4,3,2019,0,1,2,14,47
1,3,2019,15,3,2019,0,1,1,14,37
5,3,2019,19,3,2019,1,1,1,14,39
26,3,2019,9,4,2019,0,1,1,14,12
24,5,2019,7,6,2019,1,1,1,14,48
1,10,2019,15,10,2019,0,1,1,14,33
1,10,2019,15,10,2019,0,1,1,14,33
1,10,2019,15,10,2019,1,1,1,14,42
8,10,2019,22,10,2019,1,1,1,14,39
14,10,2019,28,10,2019,0,1,1,14,42
17,6,2020,1,7,2020,0,1,1,14,48
14,8,2020,28,8,2020,0,1,1,14,39
17,7,2021,31,7,2021,0,1,1,14,39
10,8,2021,24,8,2021,0,1,1,14,12
13,10,2021,27,10,2021,0,1,1,14,47
13,10,2021,27,10,2021,0,1,1,14,27
12,11,2021,26,11,2021,1,1,1,14,26
11,1,2021,25,1,2021,1,1,1,14,33
12,1,2022,26,1,2022,0,1,1,14,8
20,1,2022,3,2,2022,1,1,1,14,39
27,1,2022,10,2,2022,0,1,1,14,49
1,2,2022,15,2,2022,1,1,1,14,51
26,2,2019,13,3,2019,0,1,1,15,42
26,2,2019,13,3,2019,0,1,1,15,42
25,2,2019,12,3,2019,1,1,1,15,40
25,2,2019,12,3,2019,0,1,1,15,26
6,3,2019,21,3,2019,0,1,1,15,48
7,3,2019,22,3,2019,0,1,1,15,12
18,3,2019,2,4,2019,1,1,1,15,48
25,3,2019,9,4,2019,1,1,1,15,53
6,7,2020,21,7,2020,0,1,1,15,51
30,7,2020,14,8,2020,1,1,1,15,22
21,7,2020,5,8,2020,0,1,1,15,42
23,7,2021,7,8,2021,1,1,1,15,47
2,8,2021,17,8,2021,0,1,1,15,5
2,8,2021,17,8,2021,0,1,1,15,5
8,8,2021,23,8,2021,0,1,1,15,12
4,8,2021,19,8,2021,1,1,1,15,12
28,11,2021,13,12,2021,1,1,1,15,48
19,1,2022,3,2,2022,0,1,1,15,13
10,2,2019,26,2,2019,1,1,1,16,13
10,2,2019,26,2,2019,0,1,1,16,18
25,2,2019,13,3,2019,0,1,1,16,4
25,2,2019,13,3,2019,0,1,1,16,29
1,3,2019,17,3,2019,1,1,1,16,12
3,3,2019,19,3,2019,0,1,1,16,40
5,3,2019,21,3,2019,0,1,1,16,48
24,3,2019,9,4,2019,0,1,1,16,33
11,3,2019,27,3,2019,1,1,1,16,24
10,3,2020,26,3,2020,0,1,1,16,17
6,5,2020,22,5,2020,0,1,1,16,49
4,8,2020,20,8,2020,1,1,1,16,8
7,8,2020,23,8,2020,1,1,1,16,49
17,8,2020,2,9,2020,1,1,1,16,25
7,8,2020,23,8,2020,1,1,1,16,49
6,10,2020,22,10,2020,0,1,1,16,41
28,7,2021,13,8,2021,1,1,1,16,55
22,9,2021,8,10,2021,1,1,1,16,18
10,10,2021,26,10,2021,0,1,1,16,42
17,11,2018,4,12,2018,0,1,1,17,4
5,3,2019,22,3,2019,0,1,1,17,51
22,3,2019,8,4,2019,0,1,1,17,48
14,5,2019,31,5,2019,1,1,1,17,12
23,9,2019,10,10,2019,0,1,1,17,4
8,3,2020,25,3,2020,0,1,1,17,12
6,4,2020,23,4,2020,0,1,1,17,51
8,8,2020,25,8,2020,1,1,1,17,49
10,8,2020,27,8,2020,0,1,1,17,12
4,10,2020,21,10,2020,0,1,1,17,48
27,7,2021,13,8,2021,0,1,1,17,17
27,7,2021,13,8,2021,1,1,1,17,40
14,9,2021,1,10,2021,0,1,1,17,51
19,9,2021,6,10,2021,1,1,1,17,51
27,9,2021,14,10,2021,1,1,1,17,4
11,10,2021,28,10,2021,1,1,1,17,48
7,1,2022,24,1,2022,0,1,1,17,48
9,2,2019,27,2,2019,0,1,1,18,48
19,2,2019,9,3,2019,0,1,1,18,8
17,3,2019,4,4,2019,0,1,1,18,9
29,3,2019,16,4,2019,1,1,1,18,26
5,4,2019,23,4,2019,1,1,1,18,29
3,10,2019,21,10,2019,1,1,1,18,5
8,3,2020,26,3,2020,0,1,1,18,21
14,3,2020,1,4,2020,1,1,1,18,26
17,6,2020,5,7,2020,0,1,1,18,48
17,6,2020,5,7,2020,0,1,1,18,48
24,7,2020,11,8,2020,1,1,1,18,40
31,7,2020,18,8,2020,0,1,1,18,37
13,8,2020,31,8,2020,0,1,1,18,29
27,8,2020,14,9,2020,0,1,1,18,12
11,7,2021,29,7,2021,0,1,1,18,49
8,9,2021,26,9,2021,1,1,1,18,8
16,9,2021,4,10,2021,0,1,1,18,24
8,10,2021,26,10,2021,1,1,1,18,47
15,10,2021,2,11,2021,0,1,1,18,35
28,1,2022,15,2,2022,0,1,1,18,19
9,3,2019,28,3,2019,1,1,1,19,35
30,3,2019,18,4,2019,1,1,1,19,53
10,7,2019,29,7,2019,1,1,1,19,55
19,9,2019,8,10,2019,0,1,1,19,20
11,10,2019,30,10,2019,1,1,1,19,55
6,3,2020,25,3,2020,0,1,1,19,18
30,7,2020,18,8,2020,1,1,1,19,48
20,8,2020,8,9,2020,1,1,1,19,45
1,10,2020,20,10,2020,1,1,1,19,8
22,10,2020,10,11,2020,1,1,1,19,51
19,4,2021,8,5,2021,1,1,1,19,51
6,7,2021,25,7,2021,1,1,1,19,48
30,6,2021,19,7,2021,1,1,1,19,35
10,7,2021,29,7,2021,0,1,1,19,2
15,9,2021,4,10,2021,1,1,1,19,51
13,11,2021,2,12,2021,1,1,1,19,49
13,12,2021,1,1,2022,1,1,1,19,19
18,2,2022,9,3,2022,0,1,1,19,13
18,2,2022,9,3,2022,1,1,1,19,13
26,2,2019,18,3,2019,0,1,1,20,42
5,3,2019,25,3,2019,0,1,1,20,27
5,3,2019,25,3,2019,1,1,1,20,22
7,3,2019,27,3,2019,0,1,1,20,53
8,3,2019,28,3,2019,1,1,1,20,51
14,3,2019,3,4,2019,1,1,1,20,39
19,3,2019,8,4,2019,1,1,1,20,12
5,3,2019,25,3,2019,1,1,1,20,5
6,5,2019,26,5,2019,0,1,1,20,32
17,5,2019,6,6,2019,1,1,1,20,38
13,6,2019,3,7,2019,0,1,1,20,12
20,9,2019,10,10,2019,1,1,1,20,55
19,9,2019,9,10,2019,0,1,1,20,12
20,9,2019,10,10,2019,0,1,1,20,33
27,9,2019,17,10,2019,0,1,1,20,29
3,10,2019,23,10,2019,1,1,1,20,26
7,3,2020,27,3,2020,0,1,1,20,54
3,4,2020,23,4,2020,1,1,1,20,12
28,6,2020,18,7,2020,0,1,1,20,45
29,6,2020,19,7,2020,1,1,1,20,2
30,6,2020,20,7,2020,1,1,1,20,12
8,7,2020,28,7,2020,1,1,1,20,42
13,7,2020,2,8,2020,1,1,1,20,12
2,9,2020,22,9,2020,1,1,1,20,55
14,8,2020,3,9,2020,1,1,1,20,48
30,9,2020,20,10,2020,1,1,1,20,30
27,11,2020,17,12,2020,1,1,1,20,48
28,11,2020,18,12,2020,1,1,1,20,39
7,12,2020,27,12,2020,0,1,1,20,42
18,6,2021,8,7,2021,0,1,1,20,55
19,10,2021,8,11,2021,0,1,1,20,32
14,12,2021,3,1,2022,1,1,1,20,39
29,1,2022,18,2,2022,0,1,1,20,17
10,5,2019,31,5,2019,0,1,1,21,49
11,5,2019,1,6,2019,0,1,1,21,33
30,5,2019,20,6,2019,1,1,1,21,33
31,5,2019,21,6,2019,0,1,1,21,27
2,6,2019,23,6,2019,1,1,1,21,4
6,6,2019,27,6,2019,0,1,1,21,48
15,6,2019,6,7,2019,0,1,1,21,48
6,6,2019,27,6,2019,0,1,1,21,48
18,7,2019,8,8,2019,0,1,1,21,26
18,7,2019,8,8,2019,0,1,1,21,48
11,10,2019,1,11,2019,0,1,1,21,12
11,10,2019,1,11,2019,0,1,1,21,12
13,2,2020,5,3,2020,0,1,1,21,42
29,2,2020,21,3,2020,0,1,1,21,32
5,3,2020,26,3,2020,0,1,1,21,18
10,3,2020,31,3,2020,0,1,1,21,48
19,3,2020,9,4,2020,1,1,1,21,24
31,3,2020,21,4,2020,0,1,1,21,19
24,4,2020,15,5,2020,1,1,1,21,18
24,4,2020,15,5,2020,1,1,1,21,8
12,3,2020,2,4,2020,0,1,1,21,48
27,6,2020,18,7,2020,1,1,1,21,48
29,6,2020,20,7,2020,1,1,1,21,8
7,7,2020,28,7,2020,1,1,1,21,42
31,7,2020,21,8,2020,1,1,1,21,12
3,9,2020,24,9,2020,1,1,1,21,49
14,10,2020,4,11,2020,1,1,1,21,29
18,6,2021,9,7,2021,0,1,1,21,21
7,7,2021,28,7,2021,0,1,1,21,21
21,7,2021,11,8,2021,1,1,1,21,4
11,8,2021,1,9,2021,0,1,1,21,21
25,8,2021,15,9,2021,1,1,1,21,8
28,1,2022,18,2,2022,1,1,1,21,53
4,3,2019,26,3,2019,0,1,1,22,9
17,3,2019,8,4,2019,0,1,1,22,39
1,5,2019,23,5,2019,0,1,1,22,42
2,5,2019,24,5,2019,0,1,1,22,39
9,5,2019,31,5,2019,1,1,1,22,48
17,5,2019,8,6,2019,1,1,1,22,48
7,6,2019,29,6,2019,1,1,1,22,5
15,7,2019,6,8,2019,0,1,1,22,37
16,9,2019,8,10,2019,1,1,1,22,13
16,9,2019,8,10,2019,0,1,1,22,33
21,1,2020,12,2,2020,1,1,1,22,20
28,5,2020,19,6,2020,1,1,1,22,49
3,6,2020,25,6,2020,0,1,1,22,26
9,6,2020,1,7,2020,0,1,1,22,30
24,6,2020,16,7,2020,1,1,1,22,22
25,6,2020,17,7,2020,1,1,1,22,12
9,7,2020,31,7,2020,1,1,1,22,24
7,7,2020,29,7,2020,0,1,1,22,37
6,7,2020,28,7,2020,0,1,1,22,24
3,9,2020,25,9,2020,1,1,1,22,55
21,9,2020,13,10,2020,0,1,1,22,12
28,9,2020,20,10,2020,1,1,1,22,48
14,6,2021,6,7,2021,0,1,1,22,48
26,8,2021,17,9,2021,1,1,1,22,48
1,11,2021,23,11,2021,0,1,1,22,39
9,11,2021,1,12,2021,0,1,1,22,27
26,3,2021,17,4,2021,0,1,1,22,19
14,5,2019,6,6,2019,0,1,1,23,56
15,5,2019,7,6,2019,0,1,1,23,5
27,5,2019,19,6,2019,0,1,1,23,33
10,6,2019,3,7,2019,0,1,1,23,9
15,6,2019,8,7,2019,0,1,1,23,51
15,6,2019,8,7,2019,0,1,1,23,51
13,7,2019,5,8,2019,0,1,1,23,39
22,7,2019,14,8,2019,0,1,1,23,42
28,7,2019,20,8,2019,0,1,1,23,29
14,9,2019,7,10,2019,0,1,1,23,4
7,10,2019,30,10,2019,0,1,1,23,12
17,3,2020,9,4,2020,1,1,1,23,49
27,4,2020,20,5,2020,1,1,1,23,41
1,6,2020,24,6,2020,0,1,1,23,12
1,6,2020,24,6,2020,1,1,1,23,53
15,6,2020,8,7,2020,1,1,1,23,48
2,7,2020,25,7,2020,1,1,1,23,37
1,9,2020,24,9,2020,0,1,1,23,25
9,9,2020,2,10,2020,0,1,1,23,41
2,10,2020,25,10,2020,0,1,1,23,12
10,10,2020,2,11,2020,1,1,1,23,48
28,10,2020,20,11,2020,1,1,1,23,54
18,10,2020,10,11,2020,0,1,1,23,12
20,10,2020,12,11,2020,1,1,1,23,48
16,10,2021,8,11,2021,0,1,1,23,48
21,11,2021,14,12,2021,1,1,1,23,26
27,10,2020,19,11,2020,0,1,1,23,26
24,1,2019,17,2,2019,0,1,1,24,49
8,7,2019,1,8,2019,1,1,1,24,5
7,7,2019,31,7,2019,0,1,1,24,45
13,7,2019,6,8,2019,1,1,1,24,51
8,7,2019,1,8,2019,1,1,1,24,32
21,7,2019,14,8,2019,0,1,1,24,4
25,5,2019,18,6,2019,0,1,1,24,42
10,9,2019,4,10,2019,0,1,1,24,22
21,10,2019,14,11,2019,0,1,1,24,4
21,10,2019,14,11,2019,1,1,1,24,41
7,12,2019,31,12,2019,0,1,1,24,13
23,2,2020,18,3,2020,1,1,1,24,4
23,2,2020,18,3,2020,1,1,1,24,4
24,2,2020,19,3,2020,1,1,1,24,8
20,2,2020,15,3,2020,0,1,1,24,51
3,4,2020,27,4,2020,0,1,1,24,55
5,4,2020,29,4,2020,0,1,1,24,22
12,5,2020,5,6,2020,0,1,1,24,24
17,5,2020,10,6,2020,0,1,1,24,12
15,6,2020,9,7,2020,1,1,1,24,48
26,6,2020,20,7,2020,0,1,1,24,13
18,9,2020,12,10,2020,1,1,1,24,53
19,11,2020,13,12,2020,1,1,1,24,49
24,11,2020,18,12,2020,1,1,1,24,48
3,12,2020,27,12,2020,0,1,1,24,51
4,3,2021,28,3,2021,0,1,1,24,42
8,6,2021,2,7,2021,1,1,1,24,18
25,6,2021,19,7,2021,0,1,1,24,55
28,6,2021,22,7,2021,0,1,1,24,4
15,10,2021,8,11,2021,1,1,1,24,53
17,3,2019,11,4,2019,1,1,1,25,18
11,5,2019,5,6,2019,0,1,1,25,2
30,6,2019,25,7,2019,0,1,1,25,4
1,7,2019,26,7,2019,1,1,1,25,55
7,7,2019,1,8,2019,1,1,1,25,48
8,7,2019,2,8,2019,0,1,1,25,26
9,7,2019,3,8,2019,0,1,1,25,8
9,7,2019,3,8,2019,0,1,1,25,26
20,7,2019,14,8,2019,0,1,1,25,45
3,8,2019,28,8,2019,0,1,1,25,41
9,9,2019,4,10,2019,0,1,1,25,12
24,2,2020,20,3,2020,0,1,1,25,40
4,6,2019,29,6,2019,1,1,1,25,19
22,2,2020,18,3,2020,1,1,1,25,45
13,3,2020,7,4,2020,0,1,1,25,33
13,3,2020,7,4,2020,1,1,1,25,1
10,4,2020,5,5,2020,0,1,1,25,12
10,5,2020,4,6,2020,0,1,1,25,1
21,5,2020,15,6,2020,0,1,1,25,8
2,7,2020,27,7,2020,1,1,1,25,37
12,9,2020,7,10,2020,0,1,1,25,53
21,9,2020,16,10,2020,1,1,1,25,37
9,10,2020,3,11,2020,1,1,1,25,48
10,10,2020,4,11,2020,1,1,1,25,48
16,10,2020,10,11,2020,0,1,1,25,51
30,10,2020,24,11,2020,1,1,1,25,18
1,11,2020,26,11,2020,0,1,1,25,4
16,11,2020,11,12,2020,0,1,1,25,4
6,12,2020,31,12,2020,0,1,1,25,48
16,10,2020,10,11,2020,0,1,1,25,37
22,3,2021,16,4,2021,0,1,1,25,53
23,3,2021,17,4,2021,1,1,1,25,29
27,6,2021,22,7,2021,0,1,1,25,51
10,11,2021,5,12,2021,1,1,1,25,42
2,4,2019,28,4,2019,0,1,1,26,24
2,7,2019,28,7,2019,0,1,1,26,37
24,7,2019,19,8,2019,0,1,1,26,53
24,7,2019,19,8,2019,0,1,1,26,53
3,8,2019,29,8,2019,0,1,1,26,5
7,9,2019,3,10,2019,0,1,1,26,51
20,3,2020,15,4,2020,0,1,1,26,13
16,4,2020,12,5,2020,1,1,1,26,31
7,5,2020,2,6,2020,1,1,1,26,51
26,8,2020,21,9,2020,1,1,1,26,48
15,10,2020,10,11,2020,0,1,1,26,39
23,10,2020,18,11,2020,1,1,1,26,51
9,11,2020,5,12,2020,0,1,1,26,41
22,10,2020,17,11,2020,1,1,1,26,48
12,11,2020,8,12,2020,1,1,1,26,13
10,12,2020,5,1,2021,1,1,1,26,13
15,2,2021,13,3,2021,0,1,1,26,21
22,3,2021,17,4,2021,1,1,1,26,29
19,11,2020,15,12,2020,0,1,1,26,29
3,9,2021,29,9,2021,1,1,1,26,16
2,3,2019,29,3,2019,1,1,1,27,35
8,4,2019,5,5,2019,0,1,1,27,31
8,4,2019,5,5,2019,0,1,1,27,29
29,6,2019,26,7,2019,1,1,1,27,24
3,7,2019,30,7,2019,1,1,1,27,18
3,7,2019,30,7,2019,0,1,1,27,32
31,7,2019,27,8,2019,0,1,1,27,53
1,8,2019,28,8,2019,0,1,1,27,4
5,9,2019,2,10,2019,0,1,1,27,48
27,3,2020,23,4,2020,1,1,1,27,42
1,5,2020,28,5,2020,1,1,1,27,24
9,5,2020,5,6,2020,1,1,1,27,42
15,5,2020,11,6,2020,1,1,1,27,51
21,5,2020,17,6,2020,0,1,1,27,53
9,6,2020,6,7,2020,0,1,1,27,26
2,11,2020,29,11,2020,0,1,1,27,42
6,11,2020,3,12,2020,0,1,1,27,18
9,11,2020,6,12,2020,0,1,1,27,47
12,11,2020,9,12,2020,0,1,1,27,51
7,11,2020,4,12,2020,0,1,1,27,53
20,11,2020,17,12,2020,1,1,1,27,54
28,11,2020,25,12,2020,1,1,1,27,12
16,12,2020,12,1,2021,0,1,1,27,48
17,12,2020,13,1,2021,0,1,1,27,51
15,2,2021,14,3,2021,0,1,1,27,42
15,2,2021,14,3,2021,0,1,1,27,42
17,3,2021,13,4,2021,1,1,1,27,18
25,3,2021,21,4,2021,1,1,1,27,48
29,3,2021,25,4,2021,0,1,1,27,2
31,3,2021,27,4,2021,1,1,1,27,48
24,3,2021,20,4,2021,1,1,1,27,30
24,6,2021,21,7,2021,1,1,1,27,39
18,8,2021,14,9,2021,0,1,1,27,37
17,9,2021,14,10,2021,1,1,1,27,48
11,11,2021,8,12,2021,1,1,1,27,1
14,12,2021,10,1,2022,1,1,1,27,20
11,11,2021,8,12,2021,1,1,1,27,1
8,12,2021,4,1,2022,1,1,1,27,1
2,4,2019,30,4,2019,1,1,1,28,27
10,4,2019,8,5,2019,1,1,1,28,13
16,4,2019,14,5,2019,1,1,1,28,55
27,6,2019,25,7,2019,1,1,1,28,45
25,7,2019,22,8,2019,1,1,1,28,26
4,9,2019,2,10,2019,0,1,1,28,13
4,9,2019,2,10,2019,1,1,1,28,26
9,9,2019,7,10,2019,1,1,1,28,4
3,1,2020,31,1,2020,0,1,1,28,4
8,1,2020,5,2,2020,1,1,1,28,48
23,1,2020,20,2,2020,1,1,1,28,41
23,1,2020,20,2,2020,0,1,1,28,42
24,1,2020,21,2,2020,0,1,1,28,41
20,2,2020,19,3,2020,0,1,1,28,25
17,2,2020,16,3,2020,0,1,1,28,1
18,3,2020,15,4,2020,0,1,1,28,30
23,3,2020,20,4,2020,0,1,1,28,17
24,3,2020,21,4,2020,0,1,1,28,26
28,5,2020,25,6,2020,1,1,1,28,53
11,9,2020,9,10,2020,1,1,1,28,48
15,9,2020,13,10,2020,1,1,1,28,51
15,9,2020,13,10,2020,1,1,1,28,51
6,11,2020,4,12,2020,1,1,1,28,13
7,1,2021,4,2,2021,0,1,1,28,48
6,2,2021,6,3,2021,0,1,1,28,18
22,2,2021,22,3,2021,0,1,1,28,22
3,3,2021,31,3,2021,0,1,1,28,55
26,3,2021,23,4,2021,1,1,1,28,48
29,3,2021,26,4,2021,0,1,1,28,42
26,5,2021,23,6,2021,0,1,1,28,29
19,10,2020,16,11,2020,1,1,1,28,48
3,11,2021,1,12,2021,1,1,1,28,45
9,2,2022,9,3,2022,0,1,1,28,47
14,1,2019,12,2,2019,0,1,1,29,13
25,6,2019,24,7,2019,0,1,1,29,56
29,7,2019,27,8,2019,0,1,1,29,4
29,7,2019,27,8,2019,1,1,1,29,37
6,12,2019,4,1,2020,1,1,1,29,28
13,1,2020,11,2,2020,1,1,1,29,48
22,1,2020,20,2,2020,1,1,1,29,4
7,1,2020,5,2,2020,0,1,1,29,48
16,2,2020,16,3,2020,0,1,1,29,48
16,2,2020,16,3,2020,0,1,1,29,37
12,5,2020,10,6,2020,0,1,1,29,48
2,11,2020,1,12,2020,0,1,1,29,48
5,11,2020,4,12,2020,1,1,1,29,51
27,12,2020,25,1,2021,0,1,1,29,53
28,12,2020,26,1,2021,1,1,1,29,16
1,4,2021,30,4,2021,1,1,1,29,48
5,4,2021,4,5,2021,0,1,1,29,48
28,6,2021,27,7,2021,1,1,1,29,53
1,11,2021,30,11,2021,0,1,1,29,12
1,12,2021,30,12,2021,0,1,1,29,25
7,2,2022,8,3,2022,1,1,1,29,19
7,4,2019,7,5,2019,1,1,1,30,55
13,4,2019,13,5,2019,0,1,1,30,26
29,4,2019,29,5,2019,0,1,1,30,42
23,4,2019,23,5,2019,1,1,1,30,12
6,7,2019,5,8,2019,0,1,1,30,33
29,7,2019,28,8,2019,0,1,1,30,55
3,9,2019,3,10,2019,0,1,1,30,4
3,9,2019,3,10,2019,0,1,1,30,4
28,10,2019,27,11,2019,1,1,1,30,48
28,10,2019,27,11,2019,1,1,1,30,8
28,10,2019,27,11,2019,0,1,1,30,5
20,1,2020,19,2,2020,0,1,1,30,27
21,1,2020,20,2,2020,0,1,1,30,4
29,1,2020,28,2,2020,0,1,1,30,48
29,1,2020,28,2,2020,0,1,1,30,37
13,2,2020,14,3,2020,1,1,1,30,55
13,2,2020,14,3,2020,1,1,1,30,55
13,2,2020,14,3,2020,1,1,1,30,12
20,10,2020,19,11,2020,1,1,1,30,53
1,11,2020,1,12,2020,1,1,1,30,31
7,11,2020,7,12,2020,1,1,1,30,39
21,12,2020,20,1,2021,0,1,1,30,49
27,12,2020,26,1,2021,1,1,1,30,4
2,1,2021,1,2,2021,0,1,1,30,4
15,2,2021,17,3,2021,1,1,1,30,26
7,4,2021,7,5,2021,1,1,1,30,4
2,11,2021,2,12,2021,1,1,1,30,42
8,11,2021,8,12,2021,1,1,1,30,13
2,7,2019,2,8,2019,1,1,1,31,23
2,7,2019,2,8,2019,1,1,1,31,23
23,10,2019,23,11,2019,0,1,1,31,24
11,11,2019,12,12,2019,0,1,1,31,53
30,12,2019,30,1,2020,0,1,1,31,39
2,2,2020,4,3,2020,1,1,1,31,37
11,2,2020,13,3,2020,1,1,1,31,38
5,1,2021,5,2,2021,1,1,1,31,32
27,3,2021,27,4,2021,1,1,1,31,35
8,4,2021,9,5,2021,0,1,1,31,8
8,4,2021,9,5,2021,1,1,1,31,12
12,1,2021,12,2,2021,1,1,1,31,33
22,3,2019,23,4,2019,0,1,1,32,16
30,8,2019,1,10,2019,1,1,1,32,47
30,8,2019,1,10,2019,1,1,1,32,47
1,11,2019,3,12,2019,1,1,1,32,4
4,11,2019,6,12,2019,1,1,1,32,18
7,11,2019,9,12,2019,0,1,1,32,48
29,12,2019,30,1,2020,0,1,1,32,4
11,1,2020,12,2,2020,0,1,1,32,37
11,1,2020,12,2,2020,0,1,1,32,37
25,1,2020,26,2,2020,0,1,1,32,4
29,10,2020,30,11,2020,0,1,1,32,22
21,12,2020,22,1,2021,0,1,1,32,55
8,1,2021,9,2,2021,1,1,1,32,4
8,1,2021,9,2,2021,1,1,1,32,4
11,1,2021,12,2,2021,0,1,1,32,48
18,1,2021,19,2,2021,0,1,1,32,13
29,1,2021,2,3,2021,1,1,1,32,8
11,5,2021,12,6,2021,0,1,1,32,12
14,5,2021,15,6,2021,0,1,1,32,53
6,12,2021,7,1,2022,1,1,1,32,48
15,3,2019,17,4,2019,1,1,1,33,4
17,4,2019,20,5,2019,0,1,1,33,12
16,11,2019,19,12,2019,0,1,1,33,8
15,11,2019,18,12,2019,1,1,1,33,47
15,11,2019,18,12,2019,1,1,1,33,26
27,12,2019,29,1,2020,0,1,1,33,48
31,1,2020,4,3,2020,1,1,1,33,13
8,2,2020,12,3,2020,0,1,1,33,26
25,6,2020,28,7,2020,1,1,1,33,29
4,9,2020,7,10,2020,1,1,1,33,53
29,10,2020,1,12,2020,1,1,1,33,49
31,10,2020,3,12,2020,1,1,1,33,29
31,10,2020,3,12,2020,1,1,1,33,29
20,2,2021,25,3,2021,0,1,1,33,4
17,4,2021,20,5,2021,0,1,1,33,53
5,12,2021,7,1,2022,0,1,1,33,45
4,4,2019,8,5,2019,0,1,1,34,42
18,6,2019,22,7,2019,1,1,1,34,2
16,8,2019,19,9,2019,0,1,1,34,25
29,8,2019,2,10,2019,1,1,1,34,4
8,11,2019,12,12,2019,1,1,1,34,37
9,11,2019,13,12,2019,0,1,1,34,12
9,1,2020,12,2,2020,1,1,1,34,4
9,1,2020,12,2,2020,0,1,1,34,42
11,1,2020,14,2,2020,0,1,1,34,55
11,2,2020,16,3,2020,0,1,1,34,48
18,5,2020,21,6,2020,0,1,1,34,42
1,12,2020,4,1,2021,1,1,1,34,49
22,12,2020,25,1,2021,0,1,1,34,13
10,12,2020,13,1,2021,1,1,2,34,24
23,1,2021,26,2,2021,1,1,1,34,51
10,3,2021,13,4,2021,0,1,1,34,42
7,4,2021,11,5,2021,0,1,1,34,48
19,6,2021,23,7,2021,0,1,1,34,19
6,12,2021,9,1,2022,1,1,1,34,8
30,12,2021,2,2,2022,0,1,1,34,32
26,3,2019,30,4,2019,0,1,1,35,8
1,5,2019,5,6,2019,1,1,1,35,4
13,8,2019,17,9,2019,0,1,1,35,12
27,8,2019,1,10,2019,0,1,1,35,4
5,11,2019,10,12,2019,0,1,1,35,48
11,2,2020,17,3,2020,1,1,1,35,53
19,1,2021,23,2,2021,1,1,1,35,12
5,2,2021,12,3,2021,1,1,1,35,24
8,2,2021,15,3,2021,1,1,1,35,26
13,5,2021,17,6,2021,0,1,1,35,51
11,3,2019,16,4,2019,0,1,1,36,51
23,6,2019,29,7,2019,0,1,1,36,51
13,8,2019,18,9,2019,0,1,1,36,33
18,8,2019,23,9,2019,0,1,1,36,8
13,8,2019,18,9,2019,1,1,1,36,49
14,11,2019,20,12,2019,0,1,1,36,4
10,11,2019,16,12,2019,1,1,1,36,12
4,2,2020,11,3,2020,0,1,1,36,48
10,9,2020,16,10,2020,1,1,1,36,53
12,1,2021,17,2,2021,1,1,1,36,29
25,1,2021,2,3,2021,0,1,1,36,39
30,1,2021,7,3,2021,0,1,1,36,29
27,4,2021,2,6,2021,0,1,1,36,32
28,8,2019,4,10,2019,0,1,1,37,26
20,12,2019,26,1,2020,1,1,1,37,5
25,4,2020,1,6,2020,0,1,1,37,12
18,1,2021,24,2,2021,1,1,1,37,12
18,1,2021,24,2,2021,1,1,1,37,12
18,1,2021,24,2,2021,1,1,1,37,12
18,1,2021,24,2,2021,1,1,1,37,12
6,5,2021,12,6,2021,1,1,1,37,48
27,12,2021,2,2,2022,1,1,1,37,39
25,7,2019,1,9,2019,0,1,1,38,51
5,8,2019,12,9,2019,1,1,1,38,55
15,8,2019,22,9,2019,1,1,1,38,48
20,12,2019,27,1,2020,1,1,1,38,13
22,12,2019,29,1,2020,0,1,1,38,41
27,12,2019,3,2,2020,0,1,1,38,48
27,3,2020,4,5,2020,0,1,1,38,12
21,1,2021,28,2,2021,0,1,1,38,37
7,2,2019,18,3,2019,1,1,1,39,48
8,3,2019,16,4,2019,1,1,1,39,32
23,4,2021,1,6,2021,1,1,1,39,12
26,4,2021,4,6,2021,0,1,1,39,16
2,5,2021,10,6,2021,1,1,1,39,18
9,5,2021,17,6,2021,1,1,1,39,4
21,11,2019,31,12,2019,0,1,1,40,13
16,12,2019,25,1,2020,1,1,1,40,48
22,1,2021,3,3,2021,1,1,1,40,26
7,4,2021,17,5,2021,0,1,1,40,53
6,8,2019,16,9,2019,0,1,1,41,56
17,4,2020,28,5,2020,0,1,1,41,42
24,12,2021,3,2,2022,1,1,1,41,48
30,12,2021,9,2,2022,1,1,1,41,28
15,8,2019,26,9,2019,0,1,1,42,1
15,11,2019,27,12,2019,1,1,1,42,12
22,11,2019,3,1,2020,0,1,1,42,4
16,12,2019,27,1,2020,0,1,1,42,23
31,3,2020,12,5,2020,0,1,1,42,8
27,12,2021,7,2,2022,1,1,1,42,29
4,1,2022,15,2,2022,0,1,1,42,33
24,11,2019,6,1,2020,0,1,1,43,39
2,1,2022,14,2,2022,1,1,1,43,45
27,11,2019,10,1,2020,0,1,1,44,39
28,11,2020,11,1,2021,1,1,1,44,39
7,12,2020,20,1,2021,1,1,1,44,48
11,2,2019,28,3,2019,1,1,1,45,1
25,5,2019,9,7,2019,1,1,1,45,20
6,4,2020,21,5,2020,0,1,1,45,53
22,11,2019,7,1,2020,0,1,1,46,48
15,10,2021,30,11,2021,1,1,1,46,37
2,3,2019,18,4,2019,1,1,1,47,12
16,10,2021,2,12,2021,0,1,1,47,12
11,1,2022,1,3,2022,1,1,1,49,5
17,12,2018,5,2,2019,0,1,2,50,32
2,3,2019,22,4,2019,1,1,1,51,48
5,3,2019,25,4,2019,0,1,1,51,47
1,12,2021,21,1,2022,1,1,1,51,48
9,1,2022,1,3,2022,0,1,1,51,35
14,12,2021,3,2,2022,0,1,1,51,29
16,12,2019,6,2,2020,1,1,1,52,12
30,4,2020,21,6,2020,1,1,1,52,39
5,3,2019,27,4,2019,1,1,1,53,39
1,7,2021,23,8,2021,1,1,1,53,29
19,2,2019,18,4,2019,0,1,1,58,37
31,3,2019,28,5,2019,0,1,1,58,4
2,3,2019,30,4,2019,1,1,1,59,8
25,2,2019,26,4,2019,0,1,1,60,4
30,11,2019,29,1,2020,1,1,1,60,12
22,3,2020,21,5,2020,1,1,1,60,13
19,2,2019,21,4,2019,0,1,1,61,53
26,3,2019,28,5,2019,0,1,1,63,4
25,3,2019,28,5,2019,0,1,1,64,4
17,2,2020,21,4,2020,1,1,2,64,5
3,8,2021,6,10,2021,0,1,1,64,45
12,12,2021,14,2,2022,1,1,1,64,53
3,3,2019,7,5,2019,0,1,1,65,27
5,3,2020,13,5,2020,0,1,0,69,27
26,11,2021,3,2,2022,1,1,1,69,37
29,12,2019,10,3,2020,0,1,2,72,37
11,12,2019,21,2,2020,0,1,2,72,26
2,7,2019,13,9,2019,0,1,2,73,12
27,7,2019,9,10,2019,0,1,2,74,37
3,12,2021,19,2,2022,1,1,1,78,48
11,4,2021,30,6,2021,0,1,1,80,41
31,10,2019,21,1,2020,1,1,2,82,51
16,10,2019,7,1,2020,1,1,1,83,53
9,2,2019,8,5,2019,0,1,1,88,48
10,9,2018,11,12,2018,1,1,0,92,5
13,9,2020,14,12,2020,0,1,1,92,51
15,1,2021,17,4,2021,0,1,1,92,19
25,7,2020,28,10,2020,1,1,1,95,48
2,12,2021,7,3,2022,0,1,1,95,18
21,9,2021,27,12,2021,0,1,2,97,2
3,12,2018,13,3,2019,1,1,2,100,19
26,11,2018,6,3,2019,0,1,1,100,22
7,11,2021,15,2,2022,1,1,1,100,37
31,5,2019,20,9,2019,0,1,2,112,53
13,4,2020,3,8,2020,1,1,2,112,8
8,4,2021,29,7,2021,0,1,1,112,48
17,10,2020,8,2,2021,0,1,1,114,26
1,4,2021,24,7,2021,1,1,0,114,16
27,5,2020,25,9,2020,1,1,2,121,4
5,8,2021,6,12,2021,0,1,1,123,12
15,2,2021,21,6,2021,0,1,0,126,42
24,8,2020,4,1,2021,0,1,2,133,37
4,3,2020,18,7,2020,0,1,2,136,40
24,7,2020,7,12,2020,0,1,2,136,53
23,8,2019,7,1,2020,0,1,2,137,33
22,6,2020,10,11,2020,1,1,2,141,39
20,12,2019,13,5,2020,1,1,0,145,24
19,5,2020,13,10,2020,0,1,2,147,41
13,4,2021,9,9,2021,1,1,1,149,26
21,5,2021,18,10,2021,1,1,1,150,41
16,4,2020,14,9,2020,0,1,2,151,18
19,12,2018,29,5,2019,0,1,1,161,39
10,7,2020,21,12,2020,1,1,1,164,12
8,7,2020,21,12,2020,1,1,1,166,51
7,11,2020,22,4,2021,1,1,1,166,35
10,1,2018,25,6,2018,1,1,0,166,53
1,12,2020,20,5,2021,1,1,1,170,53
9,12,2020,28,5,2021,0,1,1,170,53
31,10,2019,20,4,2020,0,1,2,172,18
23,1,2020,22,7,2020,0,1,2,181,48
19,4,2021,18,10,2021,1,1,1,182,53
16,10,2020,22,4,2021,1,1,1,188,35
11,6,2018,20,12,2018,1,1,0,192,22
4,6,2018,17,12,2018,1,1,2,196,51
4,1,2019,23,7,2019,0,1,0,200,13
11,7,2018,7,2,2019,1,1,0,211,13
11,7,2018,7,2,2019,1,1,0,211,13
5,11,2020,9,6,2021,0,1,2,216,18
1,9,2018,8,4,2019,0,1,2,219,12
1,10,2020,10,5,2021,0,1,1,221,35
26,7,2018,7,3,2019,0,1,2,224,13
17,7,2018,26,2,2019,1,1,0,224,29
10,3,2020,22,10,2020,0,1,2,226,26
4,10,2018,30,5,2019,0,1,0,238,31
5,11,2020,2,7,2021,0,1,0,239,41
22,10,2018,20,6,2019,0,1,0,241,42
15,12,2018,16,8,2019,0,1,2,244,49
11,10,2018,14,6,2019,1,1,0,246,48
19,9,2019,1,6,2020,1,1,2,256,48
28,9,2018,19,6,2019,1,1,0,264,49
16,7,2018,14,4,2019,0,1,2,272,48
17,7,2018,19,4,2019,0,1,2,276,41
24,5,2018,26,2,2019,0,1,0,278,29
17,2,2021,27,11,2021,0,1,2,283,30
25,6,2018,7,4,2019,0,1,2,286,32
18,10,2018,8,8,2019,0,1,2,294,13
13,5,2021,4,3,2022,1,1,2,295,13
13,4,2019,11,2,2020,1,1,2,304,51
12,6,2018,16,4,2019,1,1,2,308,33
31,8,2018,9,7,2019,0,1,2,312,17
31,8,2018,9,7,2019,0,1,2,312,17
1,5,2018,11,3,2019,1,1,0,314,44
16,5,2019,27,3,2020,1,1,2,316,48
5,1,2021,29,11,2021,1,1,2,328,13
18,9,2018,15,8,2019,1,1,2,331,32
22,3,2021,19,2,2022,1,1,2,334,48
17,9,2018,3,9,2019,1,1,2,351,51
12,4,2018,1,5,2019,1,1,0,384,48
22,1,2018,2,3,2019,0,1,1,404,48
23,4,2018,20,6,2019,0,1,0,423,17
16,8,2018,2,12,2019,1,1,2,473,48
18,7,2019,10,12,2020,1,1,2,511,20
7,7,2017,21,5,2019,0,1,0,683,4
4,10,2021,13,10,2021,0,2,1,9,47
27,11,2021,8,12,2021,0,2,1,11,29
13,3,2019,28,3,2019,1,2,1,15,45
5,10,2021,22,10,2021,0,2,1,17,12
30,7,2020,20,8,2020,1,2,1,21,48
26,3,2020,19,4,2020,0,2,1,24,12
23,11,2020,20,12,2020,1,2,1,27,37
21,10,2020,20,11,2020,1,2,1,30,9
28,11,2020,31,12,2020,1,2,1,33,39
4,8,2019,10,9,2019,1,2,1,37,37
29,4,2019,2,7,2019,1,2,1,64,12
21,3,2019,28,5,2019,1,2,1,68,48
15,9,2020,7,1,2021,0,2,2,114,42
16,1,2021,24,8,2021,0,2,0,220,29
13,7,2018,24,3,2019,1,2,0,254,51
1,6,2018,22,3,2019,1,2,2,294,48
